,Name,Bahrain Grand Prix_2022_FP1_Soft,Bahrain Grand Prix_2022_FP1_Medium,Bahrain Grand Prix_2022_FP1_Hard,Bahrain Grand Prix_2022_FP1_Intermediate,Bahrain Grand Prix_2022_FP1_Wet,Bahrain Grand Prix_2022_FP2_Soft,Bahrain Grand Prix_2022_FP2_Medium,Bahrain Grand Prix_2022_FP2_Hard,Bahrain Grand Prix_2022_FP2_Intermediate,Bahrain Grand Prix_2022_FP2_Wet,Bahrain Grand Prix_2022_FP3_Soft,Bahrain Grand Prix_2022_FP3_Medium,Bahrain Grand Prix_2022_FP3_Hard,Bahrain Grand Prix_2022_FP3_Intermediate,Bahrain Grand Prix_2022_FP3_Wet,Bahrain Grand Prix_2022_Q_Soft,Bahrain Grand Prix_2022_Q_Medium,Bahrain Grand Prix_2022_Q_Hard,Bahrain Grand Prix_2022_Q_Intermediate,Bahrain Grand Prix_2022_Q_Wet,Saudi Arabian Grand Prix_2022_FP1_Soft,Saudi Arabian Grand Prix_2022_FP1_Medium,Saudi Arabian Grand Prix_2022_FP1_Hard,Saudi Arabian Grand Prix_2022_FP1_Intermediate,Saudi Arabian Grand Prix_2022_FP1_Wet,Saudi Arabian Grand Prix_2022_FP2_Soft,Saudi Arabian Grand Prix_2022_FP2_Medium,Saudi Arabian Grand Prix_2022_FP2_Hard,Saudi Arabian Grand Prix_2022_FP2_Intermediate,Saudi Arabian Grand Prix_2022_FP2_Wet,Saudi Arabian Grand Prix_2022_FP3_Soft,Saudi Arabian Grand Prix_2022_FP3_Medium,Saudi Arabian Grand Prix_2022_FP3_Hard,Saudi Arabian Grand Prix_2022_FP3_Intermediate,Saudi Arabian Grand Prix_2022_FP3_Wet,Saudi Arabian Grand Prix_2022_Q_Soft,Saudi Arabian Grand Prix_2022_Q_Medium,Saudi Arabian Grand Prix_2022_Q_Hard,Saudi Arabian Grand Prix_2022_Q_Intermediate,Saudi Arabian Grand Prix_2022_Q_Wet,Australian Grand Prix_2022_FP1_Soft,Australian Grand Prix_2022_FP1_Medium,Australian Grand Prix_2022_FP1_Hard,Australian Grand Prix_2022_FP1_Intermediate,Australian Grand Prix_2022_FP1_Wet,Australian Grand Prix_2022_FP2_Soft,Australian Grand Prix_2022_FP2_Medium,Australian Grand Prix_2022_FP2_Hard,Australian Grand Prix_2022_FP2_Intermediate,Australian Grand Prix_2022_FP2_Wet,Australian Grand Prix_2022_FP3_Soft,Australian Grand Prix_2022_FP3_Medium,Australian Grand Prix_2022_FP3_Hard,Australian Grand Prix_2022_FP3_Intermediate,Australian Grand Prix_2022_FP3_Wet,Australian Grand Prix_2022_Q_Soft,Australian Grand Prix_2022_Q_Medium,Australian Grand Prix_2022_Q_Hard,Australian Grand Prix_2022_Q_Intermediate,Australian Grand Prix_2022_Q_Wet,Miami Grand Prix_2022_FP1_Soft,Miami Grand Prix_2022_FP1_Medium,Miami Grand Prix_2022_FP1_Hard,Miami Grand Prix_2022_FP1_Intermediate,Miami Grand Prix_2022_FP1_Wet,Miami Grand Prix_2022_FP2_Soft,Miami Grand Prix_2022_FP2_Medium,Miami Grand Prix_2022_FP2_Hard,Miami Grand Prix_2022_FP2_Intermediate,Miami Grand Prix_2022_FP2_Wet,Miami Grand Prix_2022_FP3_Soft,Miami Grand Prix_2022_FP3_Medium,Miami Grand Prix_2022_FP3_Hard,Miami Grand Prix_2022_FP3_Intermediate,Miami Grand Prix_2022_FP3_Wet,Miami Grand Prix_2022_Q_Soft,Miami Grand Prix_2022_Q_Medium,Miami Grand Prix_2022_Q_Hard,Miami Grand Prix_2022_Q_Intermediate,Miami Grand Prix_2022_Q_Wet,Spanish Grand Prix_2022_FP1_Soft,Spanish Grand Prix_2022_FP1_Medium,Spanish Grand Prix_2022_FP1_Hard,Spanish Grand Prix_2022_FP1_Intermediate,Spanish Grand Prix_2022_FP1_Wet,Spanish Grand Prix_2022_FP2_Soft,Spanish Grand Prix_2022_FP2_Medium,Spanish Grand Prix_2022_FP2_Hard,Spanish Grand Prix_2022_FP2_Intermediate,Spanish Grand Prix_2022_FP2_Wet,Spanish Grand Prix_2022_FP3_Soft,Spanish Grand Prix_2022_FP3_Medium,Spanish Grand Prix_2022_FP3_Hard,Spanish Grand Prix_2022_FP3_Intermediate,Spanish Grand Prix_2022_FP3_Wet,Spanish Grand Prix_2022_Q_Soft,Spanish Grand Prix_2022_Q_Medium,Spanish Grand Prix_2022_Q_Hard,Spanish Grand Prix_2022_Q_Intermediate,Spanish Grand Prix_2022_Q_Wet,Monaco Grand Prix_2022_FP1_Soft,Monaco Grand Prix_2022_FP1_Medium,Monaco Grand Prix_2022_FP1_Hard,Monaco Grand Prix_2022_FP1_Intermediate,Monaco Grand Prix_2022_FP1_Wet,Monaco Grand Prix_2022_FP2_Soft,Monaco Grand Prix_2022_FP2_Medium,Monaco Grand Prix_2022_FP2_Hard,Monaco Grand Prix_2022_FP2_Intermediate,Monaco Grand Prix_2022_FP2_Wet,Monaco Grand Prix_2022_FP3_Soft,Monaco Grand Prix_2022_FP3_Medium,Monaco Grand Prix_2022_FP3_Hard,Monaco Grand Prix_2022_FP3_Intermediate,Monaco Grand Prix_2022_FP3_Wet,Monaco Grand Prix_2022_Q_Soft,Monaco Grand Prix_2022_Q_Medium,Monaco Grand Prix_2022_Q_Hard,Monaco Grand Prix_2022_Q_Intermediate,Monaco Grand Prix_2022_Q_Wet,Azerbaijan Grand Prix_2022_FP1_Soft,Azerbaijan Grand Prix_2022_FP1_Medium,Azerbaijan Grand Prix_2022_FP1_Hard,Azerbaijan Grand Prix_2022_FP1_Intermediate,Azerbaijan Grand Prix_2022_FP1_Wet,Azerbaijan Grand Prix_2022_FP2_Soft,Azerbaijan Grand Prix_2022_FP2_Medium,Azerbaijan Grand Prix_2022_FP2_Hard,Azerbaijan Grand Prix_2022_FP2_Intermediate,Azerbaijan Grand Prix_2022_FP2_Wet,Azerbaijan Grand Prix_2022_FP3_Soft,Azerbaijan Grand Prix_2022_FP3_Medium,Azerbaijan Grand Prix_2022_FP3_Hard,Azerbaijan Grand Prix_2022_FP3_Intermediate,Azerbaijan Grand Prix_2022_FP3_Wet,Azerbaijan Grand Prix_2022_Q_Soft,Azerbaijan Grand Prix_2022_Q_Medium,Azerbaijan Grand Prix_2022_Q_Hard,Azerbaijan Grand Prix_2022_Q_Intermediate,Azerbaijan Grand Prix_2022_Q_Wet,Canadian Grand Prix_2022_FP1_Soft,Canadian Grand Prix_2022_FP1_Medium,Canadian Grand Prix_2022_FP1_Hard,Canadian Grand Prix_2022_FP1_Intermediate,Canadian Grand Prix_2022_FP1_Wet,Canadian Grand Prix_2022_FP2_Soft,Canadian Grand Prix_2022_FP2_Medium,Canadian Grand Prix_2022_FP2_Hard,Canadian Grand Prix_2022_FP2_Intermediate,Canadian Grand Prix_2022_FP2_Wet,Canadian Grand Prix_2022_FP3_Soft,Canadian Grand Prix_2022_FP3_Medium,Canadian Grand Prix_2022_FP3_Hard,Canadian Grand Prix_2022_FP3_Intermediate,Canadian Grand Prix_2022_FP3_Wet,Canadian Grand Prix_2022_Q_Soft,Canadian Grand Prix_2022_Q_Medium,Canadian Grand Prix_2022_Q_Hard,Canadian Grand Prix_2022_Q_Intermediate,Canadian Grand Prix_2022_Q_Wet,British Grand Prix_2022_FP1_Soft,British Grand Prix_2022_FP1_Medium,British Grand Prix_2022_FP1_Hard,British Grand Prix_2022_FP1_Intermediate,British Grand Prix_2022_FP1_Wet,British Grand Prix_2022_FP2_Soft,British Grand Prix_2022_FP2_Medium,British Grand Prix_2022_FP2_Hard,British Grand Prix_2022_FP2_Intermediate,British Grand Prix_2022_FP2_Wet,British Grand Prix_2022_FP3_Soft,British Grand Prix_2022_FP3_Medium,British Grand Prix_2022_FP3_Hard,British Grand Prix_2022_FP3_Intermediate,British Grand Prix_2022_FP3_Wet,British Grand Prix_2022_Q_Soft,British Grand Prix_2022_Q_Medium,British Grand Prix_2022_Q_Hard,British Grand Prix_2022_Q_Intermediate,British Grand Prix_2022_Q_Wet,French Grand Prix_2022_FP1_Soft,French Grand Prix_2022_FP1_Medium,French Grand Prix_2022_FP1_Hard,French Grand Prix_2022_FP1_Intermediate,French Grand Prix_2022_FP1_Wet,French Grand Prix_2022_FP2_Soft,French Grand Prix_2022_FP2_Medium,French Grand Prix_2022_FP2_Hard,French Grand Prix_2022_FP2_Intermediate,French Grand Prix_2022_FP2_Wet,French Grand Prix_2022_FP3_Soft,French Grand Prix_2022_FP3_Medium,French Grand Prix_2022_FP3_Hard,French Grand Prix_2022_FP3_Intermediate,French Grand Prix_2022_FP3_Wet,French Grand Prix_2022_Q_Soft,French Grand Prix_2022_Q_Medium,French Grand Prix_2022_Q_Hard,French Grand Prix_2022_Q_Intermediate,French Grand Prix_2022_Q_Wet,Hungarian Grand Prix_2022_FP1_Soft,Hungarian Grand Prix_2022_FP1_Medium,Hungarian Grand Prix_2022_FP1_Hard,Hungarian Grand Prix_2022_FP1_Intermediate,Hungarian Grand Prix_2022_FP1_Wet,Hungarian Grand Prix_2022_FP2_Soft,Hungarian Grand Prix_2022_FP2_Medium,Hungarian Grand Prix_2022_FP2_Hard,Hungarian Grand Prix_2022_FP2_Intermediate,Hungarian Grand Prix_2022_FP2_Wet,Hungarian Grand Prix_2022_FP3_Soft,Hungarian Grand Prix_2022_FP3_Medium,Hungarian Grand Prix_2022_FP3_Hard,Hungarian Grand Prix_2022_FP3_Intermediate,Hungarian Grand Prix_2022_FP3_Wet,Hungarian Grand Prix_2022_Q_Soft,Hungarian Grand Prix_2022_Q_Medium,Hungarian Grand Prix_2022_Q_Hard,Hungarian Grand Prix_2022_Q_Intermediate,Hungarian Grand Prix_2022_Q_Wet,Belgian Grand Prix_2022_FP1_Soft,Belgian Grand Prix_2022_FP1_Medium,Belgian Grand Prix_2022_FP1_Hard,Belgian Grand Prix_2022_FP1_Intermediate,Belgian Grand Prix_2022_FP1_Wet,Belgian Grand Prix_2022_FP2_Soft,Belgian Grand Prix_2022_FP2_Medium,Belgian Grand Prix_2022_FP2_Hard,Belgian Grand Prix_2022_FP2_Intermediate,Belgian Grand Prix_2022_FP2_Wet,Belgian Grand Prix_2022_FP3_Soft,Belgian Grand Prix_2022_FP3_Medium,Belgian Grand Prix_2022_FP3_Hard,Belgian Grand Prix_2022_FP3_Intermediate,Belgian Grand Prix_2022_FP3_Wet,Belgian Grand Prix_2022_Q_Soft,Belgian Grand Prix_2022_Q_Medium,Belgian Grand Prix_2022_Q_Hard,Belgian Grand Prix_2022_Q_Intermediate,Belgian Grand Prix_2022_Q_Wet,Dutch Grand Prix_2022_FP1_Soft,Dutch Grand Prix_2022_FP1_Medium,Dutch Grand Prix_2022_FP1_Hard,Dutch Grand Prix_2022_FP1_Intermediate,Dutch Grand Prix_2022_FP1_Wet,Dutch Grand Prix_2022_FP2_Soft,Dutch Grand Prix_2022_FP2_Medium,Dutch Grand Prix_2022_FP2_Hard,Dutch Grand Prix_2022_FP2_Intermediate,Dutch Grand Prix_2022_FP2_Wet,Dutch Grand Prix_2022_FP3_Soft,Dutch Grand Prix_2022_FP3_Medium,Dutch Grand Prix_2022_FP3_Hard,Dutch Grand Prix_2022_FP3_Intermediate,Dutch Grand Prix_2022_FP3_Wet,Dutch Grand Prix_2022_Q_Soft,Dutch Grand Prix_2022_Q_Medium,Dutch Grand Prix_2022_Q_Hard,Dutch Grand Prix_2022_Q_Intermediate,Dutch Grand Prix_2022_Q_Wet,Italian Grand Prix_2022_FP1_Soft,Italian Grand Prix_2022_FP1_Medium,Italian Grand Prix_2022_FP1_Hard,Italian Grand Prix_2022_FP1_Intermediate,Italian Grand Prix_2022_FP1_Wet,Italian Grand Prix_2022_FP2_Soft,Italian Grand Prix_2022_FP2_Medium,Italian Grand Prix_2022_FP2_Hard,Italian Grand Prix_2022_FP2_Intermediate,Italian Grand Prix_2022_FP2_Wet,Italian Grand Prix_2022_FP3_Soft,Italian Grand Prix_2022_FP3_Medium,Italian Grand Prix_2022_FP3_Hard,Italian Grand Prix_2022_FP3_Intermediate,Italian Grand Prix_2022_FP3_Wet,Italian Grand Prix_2022_Q_Soft,Italian Grand Prix_2022_Q_Medium,Italian Grand Prix_2022_Q_Hard,Italian Grand Prix_2022_Q_Intermediate,Italian Grand Prix_2022_Q_Wet,Singapore Grand Prix_2022_FP1_Soft,Singapore Grand Prix_2022_FP1_Medium,Singapore Grand Prix_2022_FP1_Hard,Singapore Grand Prix_2022_FP1_Intermediate,Singapore Grand Prix_2022_FP1_Wet,Singapore Grand Prix_2022_FP2_Soft,Singapore Grand Prix_2022_FP2_Medium,Singapore Grand Prix_2022_FP2_Hard,Singapore Grand Prix_2022_FP2_Intermediate,Singapore Grand Prix_2022_FP2_Wet,Singapore Grand Prix_2022_FP3_Soft,Singapore Grand Prix_2022_FP3_Medium,Singapore Grand Prix_2022_FP3_Hard,Singapore Grand Prix_2022_FP3_Intermediate,Singapore Grand Prix_2022_FP3_Wet,Singapore Grand Prix_2022_Q_Soft,Singapore Grand Prix_2022_Q_Medium,Singapore Grand Prix_2022_Q_Hard,Singapore Grand Prix_2022_Q_Intermediate,Singapore Grand Prix_2022_Q_Wet,Japanese Grand Prix_2022_FP1_Soft,Japanese Grand Prix_2022_FP1_Medium,Japanese Grand Prix_2022_FP1_Hard,Japanese Grand Prix_2022_FP1_Intermediate,Japanese Grand Prix_2022_FP1_Wet,Japanese Grand Prix_2022_FP2_Soft,Japanese Grand Prix_2022_FP2_Medium,Japanese Grand Prix_2022_FP2_Hard,Japanese Grand Prix_2022_FP2_Intermediate,Japanese Grand Prix_2022_FP2_Wet,Japanese Grand Prix_2022_FP3_Soft,Japanese Grand Prix_2022_FP3_Medium,Japanese Grand Prix_2022_FP3_Hard,Japanese Grand Prix_2022_FP3_Intermediate,Japanese Grand Prix_2022_FP3_Wet,Japanese Grand Prix_2022_Q_Soft,Japanese Grand Prix_2022_Q_Medium,Japanese Grand Prix_2022_Q_Hard,Japanese Grand Prix_2022_Q_Intermediate,Japanese Grand Prix_2022_Q_Wet,United States Grand Prix_2022_FP1_Soft,United States Grand Prix_2022_FP1_Medium,United States Grand Prix_2022_FP1_Hard,United States Grand Prix_2022_FP1_Intermediate,United States Grand Prix_2022_FP1_Wet,United States Grand Prix_2022_FP2_Soft,United States Grand Prix_2022_FP2_Medium,United States Grand Prix_2022_FP2_Hard,United States Grand Prix_2022_FP2_Intermediate,United States Grand Prix_2022_FP2_Wet,United States Grand Prix_2022_FP3_Soft,United States Grand Prix_2022_FP3_Medium,United States Grand Prix_2022_FP3_Hard,United States Grand Prix_2022_FP3_Intermediate,United States Grand Prix_2022_FP3_Wet,United States Grand Prix_2022_Q_Soft,United States Grand Prix_2022_Q_Medium,United States Grand Prix_2022_Q_Hard,United States Grand Prix_2022_Q_Intermediate,United States Grand Prix_2022_Q_Wet,Mexico City Grand Prix_2022_FP1_Soft,Mexico City Grand Prix_2022_FP1_Medium,Mexico City Grand Prix_2022_FP1_Hard,Mexico City Grand Prix_2022_FP1_Intermediate,Mexico City Grand Prix_2022_FP1_Wet,Mexico City Grand Prix_2022_FP2_Soft,Mexico City Grand Prix_2022_FP2_Medium,Mexico City Grand Prix_2022_FP2_Hard,Mexico City Grand Prix_2022_FP2_Intermediate,Mexico City Grand Prix_2022_FP2_Wet,Mexico City Grand Prix_2022_FP3_Soft,Mexico City Grand Prix_2022_FP3_Medium,Mexico City Grand Prix_2022_FP3_Hard,Mexico City Grand Prix_2022_FP3_Intermediate,Mexico City Grand Prix_2022_FP3_Wet,Mexico City Grand Prix_2022_Q_Soft,Mexico City Grand Prix_2022_Q_Medium,Mexico City Grand Prix_2022_Q_Hard,Mexico City Grand Prix_2022_Q_Intermediate,Mexico City Grand Prix_2022_Q_Wet,Abu Dhabi Grand Prix_2022_FP1_Soft,Abu Dhabi Grand Prix_2022_FP1_Medium,Abu Dhabi Grand Prix_2022_FP1_Hard,Abu Dhabi Grand Prix_2022_FP1_Intermediate,Abu Dhabi Grand Prix_2022_FP1_Wet,Abu Dhabi Grand Prix_2022_FP2_Soft,Abu Dhabi Grand Prix_2022_FP2_Medium,Abu Dhabi Grand Prix_2022_FP2_Hard,Abu Dhabi Grand Prix_2022_FP2_Intermediate,Abu Dhabi Grand Prix_2022_FP2_Wet,Abu Dhabi Grand Prix_2022_FP3_Soft,Abu Dhabi Grand Prix_2022_FP3_Medium,Abu Dhabi Grand Prix_2022_FP3_Hard,Abu Dhabi Grand Prix_2022_FP3_Intermediate,Abu Dhabi Grand Prix_2022_FP3_Wet,Abu Dhabi Grand Prix_2022_Q_Soft,Abu Dhabi Grand Prix_2022_Q_Medium,Abu Dhabi Grand Prix_2022_Q_Hard,Abu Dhabi Grand Prix_2022_Q_Intermediate,Abu Dhabi Grand Prix_2022_Q_Wet
0,MAG,N/A,01:36.804,01:38.536,N/A,N/A,01:33.183,01:34.572,N/A,N/A,N/A,01:33.437,N/A,N/A,N/A,N/A,01:31.461,N/A,N/A,N/A,N/A,N/A,N/A,N/A,N/A,N/A,N/A,01:32.344,N/A,N/A,N/A,01:30.262,N/A,N/A,N/A,N/A,01:29.546,N/A,N/A,N/A,N/A,01:23.186,01:23.755,N/A,N/A,N/A,01:21.191,N/A,01:22.223,N/A,N/A,01:21.025,01:21.329,N/A,N/A,N/A,01:20.254,N/A,N/A,N/A,N/A,01:32.559,N/A,01:34.508,N/A,N/A,01:30.921,01:33.852,N/A,N/A,N/A,01:31.227,N/A,N/A,N/A,N/A,01:30.975,N/A,N/A,N/A,N/A,01:22.089,01:23.691,N/A,N/A,N/A,01:21.013,N/A,01:23.293,N/A,N/A,01:20.646,01:22.586,N/A,N/A,N/A,01:19.682,N/A,N/A,N/A,N/A,N/A,01:15.806,01:17.302,N/A,N/A,01:14.239,01:15.497,N/A,N/A,N/A,01:13.436,N/A,N/A,N/A,N/A,01:12.921,N/A,N/A,N/A,N/A,01:47.946,01:49.360,N/A,N/A,N/A,01:45.588,01:46.449,N/A,N/A,N/A,01:44.919,N/A,N/A,N/A,N/A,01:44.643,N/A,N/A,N/A,N/A,01:17.555,01:18.227,N/A,N/A,N/A,01:15.499,N/A,01:16.339,N/A,N/A,N/A,N/A,N/A,N/A,01:35.643,N/A,N/A,N/A,01:22.960,01:32.957,N/A,N/A,N/A,01:48.161,N/A,01:30.480,N/A,01:32.095,N/A,N/A,01:30.523,N/A,N/A,N/A,N/A,N/A,N/A,N/A,01:42.159,N/A,01:36.104,N/A,N/A,N/A,N/A,01:33.928,01:35.386,N/A,N/A,N/A,01:34.031,N/A,N/A,N/A,N/A,01:32.649,N/A,N/A,N/A,N/A,01:20.921,N/A,01:23.716,N/A,N/A,01:19.818,01:20.796,N/A,N/A,N/A,N/A,N/A,N/A,N/A,01:44.655,01:18.825,N/A,N/A,N/A,N/A,01:50.982,N/A,01:52.095,N/A,N/A,01:48.208,01:49.641,N/A,N/A,N/A,01:46.982,N/A,N/A,N/A,N/A,01:46.557,N/A,N/A,N/A,N/A,01:14.405,N/A,01:16.792,N/A,N/A,N/A,01:14.282,N/A,N/A,N/A,01:12.606,N/A,N/A,N/A,N/A,01:12.319,N/A,N/A,N/A,N/A,01:24.006,N/A,N/A,N/A,N/A,01:23.557,01:24.234,N/A,N/A,N/A,01:23.203,N/A,01:27.544,N/A,N/A,01:22.908,N/A,N/A,N/A,N/A,01:46.028,N/A,01:49.537,N/A,N/A,01:44.422,01:46.309,N/A,N/A,N/A,N/A,N/A,N/A,02:01.089,02:08.170,01:51.573,N/A,N/A,01:54.006,N/A,N/A,N/A,N/A,01:43.258,01:49.098,N/A,N/A,N/A,01:43.187,01:52.405,01:32.290,01:34.169,N/A,N/A,N/A,01:31.352,N/A,N/A,N/A,N/A,N/A,N/A,N/A,N/A,N/A,N/A,N/A,N/A,N/A,N/A,01:37.519,01:39.376,N/A,N/A,N/A,01:36.949,N/A,N/A,N/A,N/A,N/A,N/A,N/A,N/A,N/A,N/A,N/A,N/A,N/A,N/A,01:21.271,N/A,N/A,N/A,N/A,01:19.833,N/A,N/A,N/A,N/A,01:28.142,01:30.136,N/A,N/A,N/A,01:26.915,N/A,01:27.640,N/A,N/A,01:26.356,N/A,N/A,N/A,N/A,01:25.834,N/A,N/A,N/A,N/A
1,BOT,N/A,N/A,N/A,N/A,N/A,01:32.951,01:33.970,N/A,N/A,N/A,01:33.733,N/A,01:38.840,N/A,N/A,01:31.560,N/A,N/A,N/A,N/A,01:31.084,N/A,01:33.850,N/A,N/A,01:30.832,01:31.419,N/A,N/A,N/A,01:30.030,N/A,N/A,N/A,N/A,01:29.183,N/A,N/A,N/A,N/A,01:21.247,01:24.051,N/A,N/A,N/A,01:20.055,01:20.432,N/A,N/A,N/A,01:20.008,N/A,N/A,N/A,N/A,01:19.251,N/A,N/A,N/A,N/A,N/A,01:33.773,N/A,N/A,N/A,N/A,N/A,N/A,N/A,N/A,01:31.885,N/A,N/A,N/A,N/A,01:29.475,N/A,N/A,N/A,N/A,01:22.614,N/A,01:24.613,N/A,N/A,N/A,01:21.828,N/A,N/A,N/A,01:20.781,N/A,N/A,N/A,N/A,01:19.608,N/A,N/A,N/A,N/A,N/A,N/A,N/A,N/A,N/A,01:14.468,01:15.709,N/A,N/A,N/A,01:13.849,N/A,N/A,N/A,N/A,01:12.909,N/A,N/A,N/A,N/A,01:48.078,01:50.010,N/A,N/A,N/A,01:45.115,01:45.858,N/A,N/A,N/A,01:45.574,N/A,N/A,N/A,N/A,01:44.444,N/A,N/A,N/A,N/A,01:16.426,01:17.274,N/A,N/A,N/A,N/A,N/A,N/A,N/A,N/A,N/A,N/A,N/A,01:35.016,01:37.909,N/A,N/A,N/A,01:26.788,01:32.519,N/A,N/A,N/A,01:42.249,N/A,01:30.000,N/A,01:31.740,N/A,N/A,01:29.185,N/A,N/A,N/A,N/A,N/A,N/A,N/A,01:41.396,N/A,N/A,N/A,N/A,N/A,N/A,01:34.264,01:35.228,N/A,N/A,N/A,01:33.872,N/A,N/A,N/A,N/A,01:33.034,N/A,N/A,N/A,N/A,N/A,N/A,N/A,N/A,N/A,01:19.411,01:20.302,N/A,N/A,N/A,N/A,N/A,N/A,01:45.930,01:46.927,01:18.157,N/A,N/A,N/A,N/A,N/A,N/A,N/A,N/A,N/A,01:48.419,N/A,01:50.708,N/A,N/A,01:46.881,N/A,N/A,N/A,N/A,01:47.866,N/A,N/A,N/A,N/A,01:14.695,N/A,01:16.252,N/A,N/A,N/A,01:14.167,N/A,N/A,N/A,01:13.359,01:14.718,N/A,N/A,N/A,01:11.961,N/A,N/A,N/A,N/A,01:23.394,01:25.156,N/A,N/A,N/A,01:22.993,N/A,N/A,N/A,N/A,01:22.950,N/A,N/A,N/A,N/A,01:22.235,N/A,N/A,N/A,N/A,N/A,01:45.725,01:48.212,N/A,N/A,01:43.431,01:45.329,N/A,N/A,N/A,N/A,N/A,N/A,02:02.066,02:15.554,N/A,N/A,N/A,01:56.083,N/A,N/A,N/A,N/A,01:43.969,01:49.185,N/A,N/A,N/A,01:43.733,N/A,01:31.971,01:37.269,N/A,N/A,N/A,01:30.709,N/A,N/A,N/A,N/A,N/A,N/A,N/A,N/A,N/A,01:37.525,01:38.999,N/A,N/A,N/A,01:37.310,N/A,N/A,N/A,N/A,01:36.319,N/A,N/A,N/A,N/A,01:21.083,N/A,01:23.139,N/A,N/A,N/A,N/A,N/A,N/A,N/A,01:19.390,01:20.908,N/A,N/A,N/A,01:18.401,N/A,N/A,N/A,N/A,01:27.655,01:29.024,N/A,N/A,N/A,01:26.300,N/A,01:27.617,N/A,N/A,01:26.189,N/A,N/A,N/A,N/A,01:25.892,N/A,N/A,N/A,N/A
2,VET,N/A,N/A,N/A,N/A,N/A,N/A,N/A,N/A,N/A,N/A,N/A,N/A,N/A,N/A,N/A,N/A,N/A,N/A,N/A,N/A,N/A,N/A,N/A,N/A,N/A,N/A,N/A,N/A,N/A,N/A,N/A,N/A,N/A,N/A,N/A,N/A,N/A,N/A,N/A,N/A,01:21.661,01:22.880,N/A,N/A,N/A,N/A,N/A,N/A,N/A,N/A,N/A,N/A,N/A,N/A,N/A,01:21.149,N/A,N/A,N/A,N/A,01:33.024,N/A,N/A,N/A,N/A,01:31.393,01:32.794,N/A,N/A,N/A,01:31.049,01:32.926,01:41.760,N/A,N/A,01:30.214,N/A,N/A,N/A,N/A,01:22.164,N/A,01:24.353,N/A,N/A,01:20.703,01:22.812,N/A,N/A,N/A,01:20.944,01:23.470,N/A,N/A,N/A,01:20.954,N/A,N/A,N/A,N/A,01:15.387,N/A,01:17.146,N/A,N/A,01:14.059,01:16.672,N/A,N/A,N/A,01:13.838,01:15.048,N/A,N/A,N/A,01:12.613,N/A,N/A,N/A,N/A,01:50.002,01:47.970,N/A,N/A,N/A,01:44.781,01:45.943,N/A,N/A,N/A,01:44.689,N/A,N/A,N/A,N/A,01:43.091,N/A,N/A,N/A,N/A,01:16.041,01:16.710,N/A,N/A,N/A,01:14.442,01:16.633,N/A,N/A,N/A,N/A,N/A,N/A,01:33.891,01:35.821,N/A,N/A,N/A,N/A,01:34.512,N/A,N/A,N/A,01:59.168,N/A,01:30.057,N/A,01:32.091,N/A,N/A,01:29.593,N/A,N/A,N/A,N/A,N/A,N/A,N/A,01:42.666,N/A,01:35.851,N/A,01:37.867,N/A,N/A,01:34.420,01:36.346,N/A,N/A,N/A,N/A,01:34.536,N/A,N/A,N/A,01:33.276,N/A,N/A,N/A,N/A,01:20.383,N/A,01:23.101,N/A,N/A,01:19.253,01:20.090,N/A,N/A,N/A,N/A,N/A,N/A,N/A,01:44.178,01:19.273,N/A,N/A,N/A,N/A,N/A,01:49.813,N/A,N/A,N/A,01:47.867,N/A,01:50.329,N/A,N/A,01:46.166,N/A,N/A,N/A,N/A,01:46.344,N/A,N/A,N/A,N/A,N/A,01:14.500,01:15.750,N/A,N/A,N/A,01:13.611,N/A,N/A,N/A,01:12.491,N/A,N/A,N/A,N/A,01:12.391,N/A,N/A,N/A,N/A,N/A,N/A,N/A,N/A,N/A,01:23.731,01:24.471,N/A,N/A,N/A,01:23.104,N/A,N/A,N/A,N/A,01:22.636,N/A,N/A,N/A,N/A,N/A,01:45.354,01:47.663,N/A,N/A,01:44.249,01:45.767,N/A,N/A,N/A,N/A,N/A,N/A,02:01.007,N/A,N/A,N/A,N/A,01:54.380,N/A,N/A,N/A,N/A,01:48.090,N/A,N/A,N/A,N/A,01:45.261,N/A,01:32.222,01:33.205,N/A,N/A,N/A,01:30.554,N/A,N/A,N/A,N/A,01:38.041,N/A,01:41.526,N/A,N/A,N/A,N/A,N/A,N/A,N/A,01:37.151,N/A,N/A,N/A,N/A,01:36.398,N/A,N/A,N/A,N/A,01:21.525,N/A,01:23.440,N/A,N/A,N/A,N/A,N/A,N/A,N/A,01:20.986,01:21.171,N/A,N/A,N/A,01:20.419,N/A,N/A,N/A,N/A,01:27.268,N/A,01:29.166,N/A,N/A,01:26.395,01:27.482,N/A,N/A,N/A,01:26.012,N/A,N/A,N/A,N/A,01:24.961,N/A,N/A,N/A,N/A
3,SAI,N/A,01:34.611,01:36.319,N/A,N/A,01:32.520,01:33.837,N/A,N/A,N/A,01:33.053,N/A,N/A,N/A,N/A,01:30.687,N/A,N/A,N/A,N/A,01:31.139,N/A,01:32.802,N/A,N/A,N/A,01:30.320,N/A,N/A,N/A,01:30.009,N/A,N/A,N/A,N/A,01:28.402,N/A,N/A,N/A,N/A,01:19.806,N/A,01:21.249,N/A,N/A,01:19.376,01:19.979,N/A,N/A,N/A,01:19.419,N/A,N/A,N/A,N/A,01:18.469,N/A,N/A,N/A,N/A,N/A,01:31.528,N/A,N/A,N/A,N/A,01:30.964,N/A,N/A,N/A,01:31.172,N/A,N/A,N/A,N/A,01:28.986,N/A,N/A,N/A,N/A,01:19.907,N/A,01:23.177,N/A,N/A,01:19.990,01:20.978,N/A,N/A,N/A,01:20.129,N/A,N/A,N/A,N/A,01:19.166,N/A,N/A,N/A,N/A,N/A,01:14.601,N/A,N/A,N/A,01:12.700,N/A,01:14.274,N/A,N/A,01:12.846,N/A,N/A,N/A,N/A,01:11.601,N/A,N/A,N/A,N/A,01:46.012,N/A,01:48.116,N/A,N/A,N/A,01:44.274,N/A,N/A,N/A,01:43.596,N/A,N/A,N/A,N/A,01:41.814,N/A,N/A,N/A,N/A,01:15.404,01:16.400,N/A,N/A,N/A,01:14.352,01:14.987,N/A,N/A,N/A,N/A,N/A,N/A,01:34.778,01:35.858,N/A,N/A,N/A,01:22.096,01:32.781,N/A,N/A,N/A,01:42.967,N/A,01:28.942,01:29.543,N/A,N/A,N/A,01:28.689,N/A,N/A,N/A,N/A,N/A,N/A,N/A,01:40.190,N/A,01:34.268,N/A,N/A,N/A,N/A,01:32.527,N/A,N/A,N/A,N/A,01:32.626,N/A,N/A,N/A,N/A,01:31.081,N/A,N/A,N/A,N/A,01:18.750,N/A,N/A,N/A,N/A,01:18.676,01:19.392,N/A,N/A,N/A,N/A,N/A,N/A,01:43.589,01:44.283,01:17.421,N/A,N/A,N/A,N/A,01:46.538,N/A,01:49.098,N/A,N/A,01:46.649,01:47.390,N/A,N/A,N/A,01:45.824,N/A,N/A,N/A,N/A,01:44.297,N/A,N/A,N/A,N/A,01:12.845,N/A,01:16.071,N/A,N/A,N/A,01:12.349,N/A,N/A,N/A,01:11.971,N/A,N/A,N/A,N/A,01:10.434,N/A,N/A,N/A,N/A,01:22.487,N/A,01:24.933,N/A,N/A,01:21.664,01:22.483,N/A,N/A,N/A,01:21.897,01:22.653,N/A,N/A,N/A,01:20.429,N/A,N/A,N/A,N/A,01:44.138,N/A,01:45.626,N/A,N/A,01:42.587,01:43.231,N/A,N/A,N/A,N/A,N/A,N/A,01:58.848,02:08.662,01:49.583,N/A,N/A,01:53.219,N/A,N/A,N/A,N/A,01:42.563,01:47.758,N/A,N/A,N/A,01:43.204,01:49.615,01:30.965,N/A,N/A,N/A,N/A,01:29.361,N/A,N/A,N/A,N/A,01:36.857,N/A,N/A,N/A,N/A,N/A,N/A,N/A,N/A,N/A,01:36.271,01:36.894,N/A,N/A,N/A,01:34.356,N/A,N/A,N/A,N/A,01:20.707,N/A,01:22.788,N/A,N/A,N/A,N/A,N/A,N/A,N/A,01:19.301,N/A,N/A,N/A,N/A,01:18.351,N/A,N/A,N/A,N/A,N/A,N/A,N/A,N/A,N/A,01:25.932,01:26.368,N/A,N/A,N/A,01:25.605,01:26.386,N/A,N/A,N/A,01:24.242,N/A,N/A,N/A,N/A
4,PIA,N/A,N/A,N/A,N/A,N/A,N/A,N/A,N/A,N/A,N/A,N/A,N/A,N/A,N/A,N/A,N/A,N/A,N/A,N/A,N/A,N/A,N/A,N/A,N/A,N/A,N/A,N/A,N/A,N/A,N/A,N/A,N/A,N/A,N/A,N/A,N/A,N/A,N/A,N/A,N/A,N/A,N/A,N/A,N/A,N/A,N/A,N/A,N/A,N/A,N/A,N/A,N/A,N/A,N/A,N/A,N/A,N/A,N/A,N/A,N/A,N/A,N/A,N/A,N/A,N/A,N/A,N/A,N/A,N/A,N/A,N/A,N/A,N/A,N/A,N/A,N/A,N/A,N/A,N/A,N/A,N/A,N/A,N/A,N/A,N/A,N/A,N/A,N/A,N/A,N/A,N/A,N/A,N/A,N/A,N/A,N/A,N/A,N/A,N/A,N/A,N/A,N/A,N/A,N/A,N/A,N/A,N/A,N/A,N/A,N/A,N/A,N/A,N/A,N/A,N/A,N/A,N/A,N/A,N/A,N/A,N/A,N/A,N/A,N/A,N/A,N/A,N/A,N/A,N/A,N/A,N/A,N/A,N/A,N/A,N/A,N/A,N/A,N/A,N/A,N/A,N/A,N/A,N/A,N/A,N/A,N/A,N/A,N/A,N/A,N/A,N/A,N/A,N/A,N/A,N/A,N/A,N/A,N/A,N/A,N/A,N/A,N/A,N/A,N/A,N/A,N/A,N/A,N/A,N/A,N/A,N/A,N/A,N/A,N/A,N/A,N/A,N/A,N/A,N/A,N/A,N/A,N/A,N/A,N/A,N/A,N/A,N/A,N/A,N/A,N/A,N/A,N/A,N/A,N/A,N/A,N/A,N/A,N/A,N/A,N/A,N/A,N/A,N/A,N/A,N/A,N/A,N/A,N/A,N/A,N/A,N/A,N/A,N/A,N/A,N/A,N/A,N/A,N/A,N/A,N/A,N/A,N/A,N/A,N/A,N/A,N/A,N/A,N/A,N/A,N/A,N/A,N/A,N/A,N/A,N/A,N/A,N/A,N/A,N/A,N/A,N/A,N/A,N/A,N/A,N/A,N/A,N/A,N/A,N/A,N/A,N/A,N/A,N/A,N/A,N/A,N/A,N/A,N/A,N/A,N/A,N/A,N/A,N/A,N/A,N/A,N/A,N/A,N/A,N/A,N/A,N/A,N/A,N/A,N/A,N/A,N/A,N/A,N/A,N/A,N/A,N/A,N/A,N/A,N/A,N/A,N/A,N/A,N/A,N/A,N/A,N/A,N/A,N/A,N/A,N/A,N/A,N/A,N/A,N/A,N/A,N/A,N/A,N/A,N/A,N/A,N/A,N/A,N/A,N/A,N/A,N/A,N/A,N/A,N/A,N/A,N/A,N/A,N/A,N/A,N/A,N/A,N/A,N/A,N/A,N/A,N/A,N/A,N/A,N/A,N/A,N/A,N/A,N/A,N/A,N/A,N/A,N/A,N/A,N/A,N/A,N/A,N/A,N/A,N/A,N/A,N/A,N/A,N/A,N/A,N/A,N/A,N/A,N/A,N/A,N/A,N/A,N/A,N/A,N/A,N/A,N/A,N/A,N/A,N/A,N/A,N/A,N/A,N/A,N/A,N/A,N/A,N/A,N/A,N/A,N/A,N/A,N/A,N/A,N/A,N/A
5,RUS,01:34.629,01:36.487,N/A,N/A,N/A,01:32.529,01:34.860,N/A,N/A,N/A,01:32.935,N/A,N/A,N/A,N/A,01:31.252,N/A,N/A,N/A,N/A,01:32.839,N/A,N/A,N/A,N/A,01:30.664,01:31.583,N/A,N/A,N/A,01:30.983,N/A,N/A,N/A,N/A,01:29.104,01:29.618,N/A,N/A,N/A,01:21.457,N/A,01:24.361,N/A,N/A,01:20.212,01:22.532,N/A,N/A,N/A,01:20.096,N/A,N/A,N/A,N/A,01:18.933,N/A,N/A,N/A,N/A,01:31.169,N/A,N/A,N/A,N/A,01:29.938,01:32.041,N/A,N/A,N/A,01:31.924,01:32.335,N/A,N/A,N/A,01:30.173,N/A,N/A,N/A,N/A,01:20.590,N/A,01:22.846,N/A,N/A,01:19.787,01:21.814,N/A,N/A,N/A,01:19.920,N/A,N/A,N/A,N/A,01:19.393,N/A,N/A,N/A,N/A,N/A,01:15.211,01:17.297,N/A,N/A,01:13.406,01:14.327,N/A,N/A,N/A,01:13.476,N/A,N/A,N/A,N/A,01:12.112,N/A,N/A,N/A,N/A,01:46.705,01:49.854,N/A,N/A,N/A,01:44.548,01:45.961,N/A,N/A,N/A,01:44.573,N/A,N/A,N/A,N/A,01:42.712,N/A,N/A,N/A,N/A,01:15.822,01:16.880,N/A,N/A,N/A,01:14.971,01:16.029,N/A,N/A,N/A,N/A,N/A,N/A,N/A,01:34.259,N/A,N/A,N/A,01:23.557,01:32.960,N/A,N/A,N/A,N/A,N/A,01:29.799,N/A,01:32.029,N/A,N/A,01:28.426,N/A,N/A,N/A,N/A,N/A,N/A,N/A,01:40.028,N/A,01:34.881,01:35.851,N/A,N/A,N/A,01:33.291,01:34.810,N/A,N/A,N/A,01:33.376,N/A,N/A,N/A,N/A,01:32.131,N/A,N/A,N/A,N/A,01:19.606,N/A,01:21.691,N/A,N/A,01:19.355,01:20.907,N/A,N/A,N/A,N/A,N/A,N/A,01:43.434,01:47.703,01:17.377,N/A,N/A,N/A,N/A,01:47.396,01:49.131,N/A,N/A,N/A,01:47.042,N/A,01:49.744,N/A,N/A,01:46.071,N/A,N/A,N/A,N/A,01:45.461,N/A,N/A,N/A,N/A,01:12.455,N/A,01:15.457,N/A,N/A,N/A,01:12.655,N/A,N/A,N/A,01:11.698,N/A,N/A,N/A,N/A,01:10.824,N/A,N/A,N/A,N/A,01:22.689,N/A,01:24.775,N/A,N/A,01:22.386,01:23.023,N/A,N/A,N/A,01:22.357,01:23.876,N/A,N/A,N/A,01:21.542,N/A,N/A,N/A,N/A,01:44.066,N/A,01:45.970,N/A,N/A,01:42.911,01:43.891,N/A,N/A,N/A,N/A,N/A,N/A,02:01.010,N/A,N/A,N/A,N/A,01:54.012,N/A,N/A,N/A,N/A,01:46.103,N/A,N/A,N/A,N/A,01:41.935,01:51.259,01:31.530,01:36.627,N/A,N/A,N/A,01:30.389,01:31.713,N/A,N/A,N/A,01:37.802,01:42.100,N/A,N/A,N/A,N/A,N/A,N/A,N/A,N/A,01:37.064,N/A,N/A,N/A,N/A,01:34.988,N/A,N/A,N/A,N/A,N/A,N/A,N/A,N/A,N/A,01:19.970,01:21.742,N/A,N/A,N/A,01:18.399,N/A,N/A,N/A,N/A,01:18.079,N/A,N/A,N/A,N/A,01:26.853,N/A,01:28.956,N/A,N/A,01:25.487,01:26.321,N/A,N/A,N/A,01:25.395,N/A,N/A,N/A,N/A,01:24.511,N/A,N/A,N/A,N/A
6,LEC,N/A,01:34.557,01:36.157,N/A,N/A,01:32.023,01:33.121,N/A,N/A,N/A,01:32.640,N/A,N/A,N/A,N/A,01:30.558,N/A,N/A,N/A,N/A,01:30.772,N/A,01:31.470,N/A,N/A,01:30.074,01:30.216,N/A,N/A,N/A,01:29.735,N/A,N/A,N/A,N/A,01:28.225,N/A,N/A,N/A,N/A,01:20.377,N/A,01:21.815,N/A,N/A,01:18.978,01:20.175,N/A,N/A,N/A,01:19.249,N/A,N/A,N/A,N/A,01:17.868,N/A,N/A,N/A,N/A,01:31.098,01:32.555,N/A,N/A,N/A,01:30.044,01:31.131,N/A,N/A,N/A,01:30.498,N/A,N/A,N/A,N/A,01:28.796,N/A,N/A,N/A,N/A,01:19.828,N/A,01:22.746,N/A,N/A,01:19.670,01:20.995,N/A,N/A,N/A,01:19.772,N/A,N/A,N/A,N/A,01:18.750,N/A,N/A,N/A,N/A,N/A,01:14.531,N/A,N/A,N/A,01:12.656,N/A,01:14.255,N/A,N/A,01:12.517,N/A,N/A,N/A,N/A,01:11.376,N/A,N/A,N/A,N/A,01:45.603,N/A,01:46.999,N/A,N/A,01:43.224,01:43.806,N/A,N/A,N/A,01:43.240,N/A,N/A,N/A,N/A,01:41.359,N/A,N/A,N/A,N/A,01:15.666,N/A,N/A,N/A,N/A,01:14.208,N/A,N/A,N/A,N/A,N/A,N/A,N/A,N/A,N/A,N/A,N/A,N/A,N/A,01:33.008,N/A,N/A,N/A,01:43.801,N/A,01:29.404,01:29.462,N/A,N/A,N/A,01:28.348,N/A,N/A,N/A,N/A,N/A,N/A,N/A,01:39.846,N/A,01:33.930,N/A,N/A,N/A,N/A,01:32.628,01:34.182,N/A,N/A,N/A,01:32.909,N/A,01:34.233,N/A,N/A,01:30.872,N/A,N/A,N/A,N/A,01:19.039,N/A,N/A,N/A,N/A,01:18.445,01:18.911,N/A,N/A,N/A,N/A,N/A,N/A,01:42.141,01:43.364,01:17.567,N/A,N/A,N/A,N/A,01:46.607,N/A,01:49.017,N/A,N/A,01:46.369,01:48.091,N/A,N/A,N/A,01:46.120,N/A,N/A,N/A,N/A,01:44.551,N/A,N/A,N/A,N/A,01:13.127,N/A,01:15.334,N/A,N/A,N/A,01:12.345,N/A,N/A,N/A,01:11.632,N/A,N/A,N/A,N/A,01:10.363,N/A,N/A,N/A,N/A,01:22.410,N/A,01:25.036,N/A,N/A,01:21.857,01:22.307,N/A,N/A,N/A,01:21.599,01:21.944,N/A,N/A,N/A,01:20.161,N/A,N/A,N/A,N/A,01:43.435,N/A,01:46.328,N/A,N/A,01:42.795,01:42.882,N/A,N/A,N/A,N/A,N/A,N/A,01:57.782,N/A,01:49.412,N/A,N/A,01:52.343,N/A,N/A,N/A,N/A,01:42.634,01:48.104,N/A,N/A,N/A,01:44.709,N/A,01:30.980,01:36.200,N/A,N/A,N/A,01:29.314,N/A,N/A,N/A,N/A,N/A,N/A,N/A,N/A,N/A,01:37.614,01:36.810,N/A,N/A,N/A,01:36.145,N/A,N/A,N/A,N/A,01:34.421,N/A,N/A,N/A,N/A,01:20.753,N/A,N/A,N/A,N/A,N/A,N/A,N/A,N/A,N/A,01:19.123,N/A,N/A,N/A,N/A,01:18.555,N/A,N/A,N/A,N/A,01:26.888,N/A,N/A,N/A,N/A,01:25.599,01:26.045,N/A,N/A,N/A,01:25.571,01:26.095,N/A,N/A,N/A,01:24.092,N/A,N/A,N/A,N/A
7,RIC,01:36.402,N/A,N/A,N/A,N/A,01:34.166,N/A,01:36.055,N/A,N/A,01:34.378,01:36.824,N/A,N/A,N/A,01:32.945,N/A,N/A,N/A,N/A,01:32.506,01:33.333,N/A,N/A,N/A,N/A,01:31.527,N/A,N/A,N/A,01:31.186,N/A,N/A,N/A,N/A,01:29.773,N/A,N/A,N/A,N/A,01:21.155,01:21.850,N/A,N/A,N/A,01:20.203,01:20.603,N/A,N/A,N/A,01:19.693,N/A,N/A,N/A,N/A,01:19.032,N/A,N/A,N/A,N/A,01:32.592,01:34.746,N/A,N/A,N/A,01:31.208,01:32.071,N/A,N/A,N/A,01:31.728,N/A,01:33.590,N/A,N/A,01:30.310,N/A,N/A,N/A,N/A,01:21.737,01:23.011,N/A,N/A,N/A,01:21.385,N/A,01:23.130,N/A,N/A,01:20.910,01:22.505,N/A,N/A,N/A,01:20.287,N/A,N/A,N/A,N/A,N/A,01:15.157,01:16.307,N/A,N/A,N/A,N/A,N/A,N/A,N/A,01:14.104,N/A,N/A,N/A,N/A,01:12.964,N/A,N/A,N/A,N/A,01:48.810,01:49.825,N/A,N/A,N/A,01:45.059,N/A,01:47.003,N/A,N/A,01:44.476,01:46.026,N/A,N/A,N/A,01:43.574,N/A,N/A,N/A,N/A,01:16.083,01:17.245,N/A,N/A,N/A,01:15.033,01:15.816,N/A,N/A,N/A,N/A,N/A,N/A,01:34.110,01:39.906,N/A,N/A,N/A,01:23.749,01:33.636,N/A,N/A,N/A,N/A,N/A,01:29.902,N/A,01:31.440,N/A,N/A,01:30.293,01:31.026,N/A,N/A,N/A,N/A,N/A,N/A,01:41.933,N/A,01:35.660,01:36.440,N/A,N/A,N/A,01:33.984,N/A,01:36.397,N/A,N/A,01:33.788,01:35.143,N/A,N/A,N/A,01:32.922,N/A,N/A,N/A,N/A,01:19.841,01:20.378,N/A,N/A,N/A,01:18.872,N/A,01:21.569,N/A,N/A,N/A,N/A,N/A,01:45.624,01:45.820,01:18.198,N/A,N/A,N/A,N/A,01:48.081,01:49.425,N/A,N/A,N/A,01:47.255,N/A,N/A,N/A,N/A,01:46.646,N/A,N/A,N/A,N/A,01:45.767,N/A,N/A,N/A,N/A,01:13.077,N/A,01:15.263,N/A,N/A,N/A,01:13.362,N/A,N/A,N/A,01:13.299,01:15.030,N/A,N/A,N/A,01:12.081,N/A,N/A,N/A,N/A,01:23.511,01:25.356,N/A,N/A,N/A,01:22.911,N/A,01:24.335,N/A,N/A,01:22.871,01:23.627,N/A,N/A,N/A,01:21.855,N/A,N/A,N/A,N/A,01:45.724,01:47.634,N/A,N/A,N/A,01:45.447,N/A,01:47.485,N/A,N/A,N/A,N/A,N/A,02:01.036,02:10.874,N/A,N/A,N/A,01:56.226,N/A,N/A,N/A,N/A,01:44.486,01:48.582,N/A,N/A,N/A,01:46.030,01:50.736,01:31.860,N/A,N/A,N/A,N/A,01:30.659,N/A,N/A,N/A,N/A,N/A,N/A,N/A,N/A,N/A,01:37.627,01:39.160,N/A,N/A,N/A,01:37.622,N/A,N/A,N/A,N/A,01:37.046,N/A,N/A,N/A,N/A,01:21.762,N/A,01:23.822,N/A,N/A,N/A,N/A,N/A,N/A,N/A,01:20.139,01:21.539,N/A,N/A,N/A,01:19.325,N/A,N/A,N/A,N/A,01:27.619,N/A,01:29.035,N/A,N/A,01:26.124,01:26.987,N/A,N/A,N/A,01:25.950,N/A,N/A,N/A,N/A,01:25.045,N/A,N/A,N/A,N/A
8,VER,N/A,01:34.742,01:37.766,N/A,N/A,01:31.936,01:33.621,N/A,N/A,N/A,01:32.544,N/A,N/A,N/A,N/A,01:30.681,N/A,N/A,N/A,N/A,N/A,N/A,01:30.888,N/A,N/A,N/A,01:30.214,N/A,N/A,N/A,01:29.768,N/A,N/A,N/A,N/A,01:28.461,N/A,N/A,N/A,N/A,01:20.626,N/A,N/A,N/A,N/A,01:19.223,01:20.985,N/A,N/A,N/A,N/A,01:19.809,N/A,N/A,N/A,01:18.154,N/A,N/A,N/A,N/A,01:31.277,N/A,N/A,N/A,N/A,N/A,N/A,N/A,N/A,N/A,01:30.649,01:31.355,N/A,N/A,N/A,01:28.991,N/A,N/A,N/A,N/A,01:20.164,N/A,01:21.876,N/A,N/A,01:20.006,01:20.932,N/A,N/A,N/A,01:19.844,N/A,N/A,N/A,N/A,01:19.073,N/A,N/A,N/A,N/A,N/A,01:14.712,01:15.327,N/A,N/A,01:13.103,01:14.255,N/A,N/A,N/A,01:12.881,N/A,N/A,N/A,N/A,01:11.666,N/A,N/A,N/A,N/A,01:45.810,01:46.477,N/A,N/A,N/A,01:43.580,01:43.836,N/A,N/A,N/A,01:43.449,N/A,N/A,N/A,N/A,01:41.706,N/A,N/A,N/A,N/A,01:15.158,01:15.703,N/A,N/A,N/A,01:14.127,01:14.532,N/A,N/A,N/A,N/A,N/A,N/A,01:34.616,N/A,N/A,N/A,N/A,01:21.299,N/A,N/A,N/A,N/A,N/A,N/A,01:29.149,01:29.885,N/A,N/A,N/A,01:27.901,N/A,N/A,N/A,N/A,N/A,N/A,N/A,01:39.129,N/A,01:34.021,N/A,N/A,N/A,N/A,01:33.077,01:34.172,N/A,N/A,N/A,01:32.272,01:32.808,N/A,N/A,N/A,01:31.176,N/A,N/A,N/A,N/A,01:18.880,N/A,N/A,N/A,N/A,01:18.728,01:19.654,N/A,N/A,N/A,N/A,N/A,N/A,01:43.205,N/A,01:17.703,N/A,N/A,N/A,N/A,01:46.755,N/A,N/A,N/A,N/A,01:45.507,01:46.850,N/A,N/A,N/A,01:45.184,N/A,N/A,N/A,N/A,01:43.665,N/A,N/A,N/A,N/A,N/A,N/A,01:14.714,N/A,N/A,01:13.042,N/A,N/A,N/A,N/A,01:11.793,N/A,N/A,N/A,N/A,01:10.342,N/A,N/A,N/A,N/A,01:22.840,N/A,01:22.853,N/A,N/A,01:21.807,01:22.303,N/A,N/A,N/A,01:21.252,01:21.872,N/A,N/A,N/A,01:20.306,N/A,N/A,N/A,N/A,01:43.117,01:44.236,N/A,N/A,N/A,01:42.926,N/A,01:44.645,N/A,N/A,N/A,N/A,N/A,01:58.308,N/A,01:51.395,N/A,N/A,01:52.723,N/A,N/A,N/A,N/A,01:43.362,N/A,N/A,N/A,N/A,01:42.786,N/A,01:30.671,01:31.316,N/A,N/A,N/A,01:29.304,N/A,N/A,N/A,N/A,01:37.081,N/A,N/A,N/A,N/A,N/A,N/A,N/A,N/A,N/A,01:35.825,N/A,N/A,N/A,N/A,01:34.448,N/A,N/A,N/A,N/A,01:20.827,N/A,01:22.291,N/A,N/A,N/A,N/A,N/A,N/A,N/A,01:18.876,N/A,N/A,N/A,N/A,01:17.775,N/A,N/A,N/A,N/A,N/A,N/A,N/A,N/A,N/A,01:25.146,01:26.395,N/A,N/A,N/A,01:25.134,N/A,N/A,N/A,N/A,01:23.824,N/A,N/A,N/A,N/A
9,NOR,01:36.304,N/A,N/A,N/A,N/A,01:33.280,N/A,01:35.175,N/A,N/A,01:33.955,01:36.317,N/A,N/A,N/A,01:32.008,N/A,N/A,N/A,N/A,01:32.594,N/A,01:33.524,N/A,N/A,01:30.735,01:31.558,N/A,N/A,N/A,01:31.529,N/A,N/A,N/A,N/A,01:29.651,N/A,N/A,N/A,N/A,01:20.878,01:21.811,N/A,N/A,N/A,01:20.100,01:20.820,N/A,N/A,N/A,01:19.117,N/A,N/A,N/A,N/A,01:18.703,N/A,N/A,N/A,N/A,01:32.615,01:34.636,N/A,N/A,N/A,01:30.535,01:31.859,N/A,N/A,N/A,01:31.594,N/A,01:34.018,N/A,N/A,01:29.634,N/A,N/A,N/A,N/A,01:21.279,N/A,01:23.357,N/A,N/A,N/A,01:23.388,N/A,N/A,N/A,01:20.403,01:22.595,N/A,N/A,N/A,01:20.471,N/A,N/A,N/A,N/A,N/A,01:15.056,01:16.578,N/A,N/A,01:13.294,01:14.623,N/A,N/A,N/A,01:13.226,N/A,N/A,N/A,N/A,01:11.849,N/A,N/A,N/A,N/A,01:47.691,01:49.872,N/A,N/A,N/A,01:44.771,N/A,01:46.737,N/A,N/A,01:44.418,N/A,N/A,N/A,N/A,01:43.398,N/A,N/A,N/A,N/A,01:16.211,01:17.462,N/A,N/A,N/A,01:14.987,01:15.933,N/A,N/A,N/A,N/A,N/A,N/A,01:34.248,01:38.124,N/A,N/A,N/A,N/A,01:34.066,N/A,N/A,N/A,N/A,N/A,01:29.118,N/A,01:31.325,N/A,N/A,01:29.102,01:30.735,N/A,N/A,N/A,N/A,N/A,N/A,01:41.515,N/A,01:35.232,01:36.887,N/A,N/A,N/A,01:33.607,01:35.320,N/A,N/A,N/A,01:33.669,N/A,N/A,N/A,N/A,01:32.032,N/A,N/A,N/A,N/A,01:19.299,01:20.251,N/A,N/A,N/A,01:18.662,N/A,01:21.408,N/A,N/A,N/A,N/A,N/A,01:43.743,01:44.635,01:17.769,N/A,N/A,N/A,N/A,01:49.470,N/A,N/A,N/A,N/A,01:46.589,01:48.560,N/A,N/A,N/A,01:45.965,01:49.813,01:52.209,N/A,N/A,01:45.603,N/A,N/A,N/A,N/A,01:12.929,N/A,01:15.293,N/A,N/A,N/A,01:12.448,N/A,N/A,N/A,01:12.591,01:13.975,N/A,N/A,N/A,01:11.116,N/A,N/A,N/A,N/A,01:23.856,N/A,01:25.907,N/A,N/A,01:22.338,01:23.689,N/A,N/A,N/A,01:22.319,01:23.451,N/A,N/A,N/A,01:21.584,N/A,N/A,N/A,N/A,01:46.680,01:46.861,N/A,N/A,N/A,01:44.013,N/A,01:46.389,N/A,N/A,N/A,N/A,N/A,02:01.791,02:09.642,01:50.584,N/A,N/A,01:53.942,N/A,N/A,N/A,N/A,01:43.889,01:49.422,N/A,N/A,N/A,01:45.885,01:50.468,01:31.747,N/A,N/A,N/A,N/A,01:30.473,N/A,N/A,N/A,N/A,01:37.856,01:39.655,N/A,N/A,N/A,N/A,N/A,N/A,N/A,N/A,01:37.449,N/A,N/A,N/A,N/A,01:35.690,N/A,N/A,N/A,N/A,01:21.120,N/A,01:23.974,N/A,N/A,N/A,N/A,N/A,N/A,N/A,01:19.317,01:20.844,N/A,N/A,N/A,01:18.721,N/A,N/A,N/A,N/A,N/A,N/A,N/A,N/A,N/A,01:26.377,N/A,01:27.692,N/A,N/A,01:25.518,N/A,N/A,N/A,N/A,01:24.769,N/A,N/A,N/A,N/A
10,MSC,N/A,01:36.536,01:38.235,N/A,N/A,01:33.085,01:35.008,N/A,N/A,N/A,01:34.295,N/A,N/A,N/A,N/A,01:31.998,N/A,N/A,N/A,N/A,N/A,01:34.429,01:37.109,N/A,N/A,01:31.169,N/A,01:32.389,N/A,N/A,01:30.765,N/A,N/A,N/A,N/A,01:29.920,N/A,N/A,N/A,N/A,01:24.349,N/A,01:26.650,N/A,N/A,01:21.974,01:23.655,N/A,N/A,N/A,01:20.692,01:21.886,N/A,N/A,N/A,01:20.104,N/A,N/A,N/A,N/A,01:34.945,01:35.526,N/A,N/A,N/A,01:31.587,N/A,N/A,N/A,N/A,01:31.050,N/A,N/A,N/A,N/A,01:30.423,N/A,N/A,N/A,N/A,01:22.146,N/A,01:24.489,N/A,N/A,01:20.757,N/A,N/A,N/A,N/A,N/A,01:25.467,N/A,N/A,N/A,01:20.368,N/A,N/A,N/A,N/A,N/A,N/A,01:18.636,N/A,N/A,01:14.894,01:16.093,N/A,N/A,N/A,01:13.827,N/A,N/A,N/A,N/A,01:13.081,N/A,N/A,N/A,N/A,N/A,01:58.332,N/A,N/A,N/A,01:46.425,01:47.914,N/A,N/A,N/A,01:45.532,N/A,N/A,N/A,N/A,01:45.775,N/A,N/A,N/A,N/A,01:17.223,01:20.061,N/A,N/A,N/A,01:15.516,N/A,01:16.715,N/A,N/A,N/A,N/A,N/A,N/A,01:37.388,N/A,N/A,N/A,01:23.356,01:33.707,N/A,N/A,N/A,01:43.895,N/A,01:30.609,01:31.762,N/A,N/A,N/A,01:29.510,N/A,N/A,N/A,N/A,N/A,N/A,N/A,01:42.708,N/A,01:36.022,01:40.434,N/A,N/A,N/A,01:35.195,01:35.762,N/A,N/A,N/A,01:34.222,N/A,N/A,N/A,N/A,01:33.701,N/A,N/A,N/A,N/A,01:21.027,N/A,01:23.494,N/A,N/A,01:19.985,01:21.090,N/A,N/A,N/A,N/A,N/A,N/A,N/A,01:45.156,01:19.164,N/A,N/A,N/A,N/A,01:51.259,N/A,N/A,N/A,N/A,01:49.941,N/A,N/A,N/A,N/A,N/A,01:52.494,N/A,N/A,N/A,01:46.342,N/A,N/A,N/A,N/A,01:14.163,N/A,01:16.324,N/A,N/A,N/A,01:13.604,N/A,N/A,N/A,01:12.558,N/A,N/A,N/A,N/A,01:11.420,N/A,N/A,N/A,N/A,N/A,N/A,N/A,N/A,N/A,01:24.586,N/A,01:26.250,N/A,N/A,01:23.392,N/A,N/A,N/A,N/A,01:23.005,N/A,N/A,N/A,N/A,01:46.601,01:48.753,N/A,N/A,N/A,01:45.623,N/A,01:48.210,N/A,N/A,N/A,N/A,N/A,02:01.502,02:09.388,N/A,N/A,N/A,01:54.370,N/A,N/A,N/A,N/A,01:43.761,01:50.343,N/A,N/A,N/A,N/A,N/A,01:32.366,01:34.536,N/A,N/A,N/A,01:31.152,N/A,N/A,N/A,N/A,01:38.922,N/A,N/A,N/A,N/A,N/A,N/A,N/A,N/A,N/A,01:38.132,N/A,N/A,N/A,N/A,01:37.111,N/A,N/A,N/A,N/A,01:21.952,N/A,01:25.547,N/A,N/A,N/A,N/A,N/A,N/A,N/A,01:20.598,N/A,N/A,N/A,N/A,01:20.419,N/A,N/A,N/A,N/A,N/A,N/A,N/A,N/A,N/A,01:26.839,01:27.843,N/A,N/A,N/A,01:26.473,N/A,N/A,N/A,N/A,01:25.225,N/A,N/A,N/A,N/A
11,PER,N/A,01:35.050,01:37.459,N/A,N/A,01:32.958,01:34.300,N/A,N/A,N/A,01:32.791,N/A,N/A,N/A,N/A,01:30.921,N/A,N/A,N/A,N/A,01:31.563,N/A,01:32.689,N/A,N/A,N/A,01:30.360,N/A,N/A,N/A,01:29.833,N/A,N/A,N/A,N/A,01:28.200,N/A,N/A,N/A,N/A,01:20.399,N/A,N/A,N/A,N/A,01:19.658,01:21.246,N/A,N/A,N/A,01:19.265,01:20.436,N/A,N/A,N/A,01:18.240,N/A,N/A,N/A,N/A,01:31.301,N/A,N/A,N/A,N/A,01:30.150,01:31.029,N/A,N/A,N/A,01:30.304,N/A,01:33.842,N/A,N/A,01:29.036,N/A,N/A,N/A,N/A,N/A,N/A,N/A,N/A,N/A,01:20.632,01:21.955,N/A,N/A,N/A,01:20.260,N/A,N/A,N/A,N/A,01:19.420,N/A,N/A,N/A,N/A,N/A,01:14.570,01:16.495,N/A,N/A,01:13.035,01:14.001,N/A,N/A,N/A,01:12.476,N/A,N/A,N/A,N/A,01:11.629,N/A,N/A,N/A,N/A,01:45.476,01:46.545,N/A,N/A,N/A,01:43.472,01:43.931,N/A,N/A,N/A,01:43.170,N/A,N/A,N/A,N/A,01:41.641,N/A,N/A,N/A,N/A,01:15.619,01:15.660,N/A,N/A,N/A,01:15.167,01:15.674,N/A,N/A,N/A,N/A,N/A,N/A,01:34.498,N/A,N/A,N/A,N/A,01:33.127,01:33.929,N/A,N/A,N/A,N/A,N/A,01:29.753,01:30.095,N/A,N/A,N/A,01:28.311,N/A,N/A,N/A,N/A,N/A,N/A,N/A,01:40.521,N/A,01:35.174,N/A,N/A,N/A,N/A,01:34.060,01:34.779,N/A,N/A,N/A,01:33.293,01:33.305,N/A,N/A,N/A,01:31.335,N/A,N/A,N/A,N/A,01:19.622,N/A,N/A,N/A,N/A,01:19.397,01:19.891,N/A,N/A,N/A,N/A,N/A,N/A,01:48.240,N/A,01:18.516,N/A,N/A,N/A,N/A,N/A,N/A,01:48.474,N/A,N/A,01:47.346,01:48.201,N/A,N/A,N/A,01:45.047,N/A,N/A,N/A,N/A,01:44.462,N/A,N/A,N/A,N/A,01:13.416,N/A,01:15.742,N/A,N/A,N/A,01:13.493,N/A,N/A,N/A,01:12.176,N/A,N/A,N/A,N/A,01:11.077,N/A,N/A,N/A,N/A,01:23.661,N/A,01:24.694,N/A,N/A,01:22.394,01:22.866,N/A,N/A,N/A,01:21.848,01:22.148,N/A,N/A,N/A,01:21.206,N/A,N/A,N/A,N/A,01:43.839,01:45.349,N/A,N/A,N/A,01:43.906,N/A,N/A,N/A,N/A,N/A,N/A,N/A,01:59.526,N/A,01:49.434,N/A,N/A,01:52.818,N/A,N/A,N/A,N/A,01:44.234,N/A,N/A,N/A,N/A,01:42.834,N/A,01:31.514,01:31.937,N/A,N/A,N/A,01:29.709,N/A,N/A,N/A,N/A,01:37.515,N/A,N/A,N/A,N/A,N/A,N/A,N/A,N/A,N/A,01:36.397,N/A,N/A,N/A,N/A,01:34.645,N/A,N/A,N/A,N/A,01:20.827,N/A,01:22.673,N/A,N/A,N/A,N/A,N/A,N/A,N/A,01:19.241,N/A,N/A,N/A,N/A,01:18.128,N/A,N/A,N/A,N/A,01:26.967,N/A,N/A,N/A,N/A,01:25.852,01:26.654,N/A,N/A,N/A,01:24.982,01:25.861,N/A,N/A,N/A,01:24.052,N/A,N/A,N/A,N/A
12,ALO,01:35.000,N/A,N/A,N/A,N/A,01:32.877,01:34.372,N/A,N/A,N/A,N/A,01:34.628,01:36.375,N/A,N/A,01:31.621,N/A,N/A,N/A,N/A,01:32.381,01:34.164,N/A,N/A,N/A,01:30.944,N/A,01:31.507,N/A,N/A,01:30.296,N/A,N/A,N/A,N/A,01:29.147,N/A,N/A,N/A,N/A,01:21.229,N/A,01:22.937,N/A,N/A,01:19.537,01:20.515,N/A,N/A,N/A,01:19.275,N/A,N/A,N/A,N/A,01:18.815,N/A,N/A,N/A,N/A,01:32.884,01:34.762,N/A,N/A,N/A,01:30.372,01:31.951,N/A,N/A,N/A,01:31.036,N/A,N/A,N/A,N/A,01:30.160,N/A,N/A,N/A,N/A,01:20.768,N/A,01:23.242,N/A,N/A,01:20.203,01:22.008,N/A,N/A,N/A,01:20.981,N/A,N/A,N/A,N/A,01:21.043,N/A,N/A,N/A,N/A,N/A,01:15.749,01:17.373,N/A,N/A,01:13.912,01:14.965,N/A,N/A,N/A,01:13.585,N/A,N/A,N/A,N/A,01:12.247,N/A,N/A,N/A,N/A,01:46.571,01:47.488,N/A,N/A,N/A,01:44.142,01:44.928,N/A,N/A,N/A,01:44.842,N/A,N/A,N/A,N/A,01:43.173,N/A,N/A,N/A,N/A,01:16.312,01:15.531,N/A,N/A,N/A,01:14.543,N/A,N/A,N/A,N/A,N/A,N/A,N/A,01:33.836,01:36.074,N/A,N/A,N/A,01:21.944,01:32.277,N/A,N/A,N/A,N/A,N/A,01:29.695,N/A,N/A,N/A,N/A,01:29.520,N/A,N/A,N/A,N/A,N/A,N/A,N/A,01:41.598,N/A,01:35.875,N/A,N/A,N/A,N/A,01:34.259,01:35.531,N/A,N/A,N/A,01:33.505,01:34.013,N/A,N/A,N/A,01:32.552,N/A,N/A,N/A,N/A,01:20.377,N/A,01:22.760,N/A,N/A,01:19.049,01:20.094,N/A,N/A,N/A,N/A,N/A,N/A,01:43.570,N/A,01:17.904,N/A,N/A,N/A,N/A,01:49.664,N/A,N/A,N/A,N/A,01:46.975,01:48.852,N/A,N/A,N/A,01:46.061,N/A,01:50.403,N/A,N/A,01:45.368,N/A,N/A,N/A,N/A,01:13.633,01:15.328,N/A,N/A,N/A,N/A,N/A,01:12.848,N/A,N/A,01:12.327,01:13.762,N/A,N/A,N/A,01:11.613,N/A,N/A,N/A,N/A,01:23.099,N/A,01:24.026,N/A,N/A,01:22.752,01:23.486,N/A,N/A,N/A,01:22.306,01:23.196,N/A,N/A,N/A,01:21.829,N/A,N/A,N/A,N/A,N/A,01:45.336,N/A,N/A,N/A,01:43.520,01:44.371,N/A,N/A,N/A,N/A,N/A,N/A,01:59.429,N/A,01:49.966,N/A,N/A,01:53.127,N/A,N/A,N/A,N/A,01:42.248,01:48.964,N/A,N/A,N/A,01:43.533,N/A,01:31.320,01:32.553,01:35.700,N/A,N/A,01:30.322,N/A,N/A,N/A,N/A,01:37.713,01:39.555,N/A,N/A,N/A,N/A,N/A,N/A,N/A,N/A,01:36.928,N/A,N/A,N/A,N/A,01:35.876,N/A,N/A,N/A,N/A,01:20.899,N/A,01:23.463,N/A,N/A,N/A,N/A,N/A,N/A,N/A,01:20.037,01:20.599,N/A,N/A,N/A,01:18.939,N/A,N/A,N/A,N/A,N/A,N/A,N/A,N/A,N/A,01:26.043,01:27.588,N/A,N/A,N/A,01:26.076,01:26.292,N/A,N/A,N/A,01:25.096,N/A,N/A,N/A,N/A
13,STR,01:34.814,N/A,01:37.402,N/A,N/A,01:33.958,01:35.531,N/A,N/A,N/A,01:33.920,01:36.847,N/A,N/A,N/A,01:33.032,N/A,N/A,N/A,N/A,01:32.582,N/A,01:33.484,N/A,N/A,01:31.372,01:33.196,N/A,N/A,N/A,01:31.067,N/A,N/A,N/A,N/A,01:30.256,N/A,N/A,N/A,N/A,01:21.869,01:23.079,N/A,N/A,N/A,01:20.611,01:21.756,N/A,N/A,N/A,01:21.636,N/A,N/A,N/A,N/A,N/A,N/A,N/A,N/A,N/A,01:33.576,N/A,N/A,N/A,N/A,01:31.631,01:32.229,N/A,N/A,N/A,01:31.665,01:32.949,N/A,N/A,N/A,01:29.996,N/A,N/A,N/A,N/A,01:21.920,01:23.837,N/A,N/A,N/A,01:21.249,N/A,01:24.081,N/A,N/A,01:21.520,01:23.361,N/A,N/A,N/A,01:21.418,N/A,N/A,N/A,N/A,01:15.539,N/A,01:17.530,N/A,N/A,01:14.623,01:15.539,N/A,N/A,N/A,01:14.639,01:15.399,N/A,N/A,N/A,01:13.678,N/A,N/A,N/A,N/A,01:50.862,01:47.847,N/A,N/A,N/A,01:44.874,01:46.428,N/A,N/A,N/A,01:44.879,N/A,N/A,N/A,N/A,01:45.371,N/A,N/A,N/A,N/A,01:15.877,01:17.529,N/A,N/A,N/A,01:15.396,01:16.536,N/A,N/A,N/A,N/A,N/A,N/A,N/A,01:35.531,N/A,N/A,N/A,N/A,01:35.532,N/A,N/A,N/A,01:51.243,N/A,01:29.942,01:31.440,N/A,N/A,N/A,01:29.892,N/A,N/A,N/A,N/A,N/A,N/A,N/A,01:43.430,N/A,01:35.810,01:37.850,N/A,N/A,N/A,01:34.595,N/A,01:36.938,N/A,N/A,01:34.177,01:34.550,N/A,N/A,N/A,01:33.439,N/A,N/A,N/A,N/A,01:20.414,N/A,01:23.421,N/A,N/A,01:19.702,01:20.454,N/A,N/A,N/A,N/A,N/A,N/A,01:45.638,01:45.789,01:19.137,N/A,N/A,N/A,N/A,01:47.437,N/A,01:50.277,N/A,N/A,01:46.635,01:48.912,N/A,N/A,N/A,01:46.975,N/A,N/A,N/A,N/A,01:46.256,N/A,N/A,N/A,N/A,N/A,01:14.257,01:15.469,N/A,N/A,N/A,01:12.746,N/A,N/A,N/A,01:12.773,N/A,N/A,N/A,N/A,01:11.416,N/A,N/A,N/A,N/A,01:23.688,N/A,01:25.198,N/A,N/A,01:23.785,01:24.475,N/A,N/A,N/A,01:23.739,N/A,N/A,N/A,N/A,01:22.748,N/A,N/A,N/A,N/A,N/A,01:45.221,01:46.754,N/A,N/A,01:43.982,01:45.144,N/A,N/A,N/A,N/A,N/A,N/A,02:00.373,N/A,N/A,N/A,N/A,01:54.211,N/A,N/A,N/A,N/A,01:44.570,N/A,N/A,N/A,N/A,01:46.776,N/A,01:31.838,01:33.517,N/A,N/A,N/A,01:31.419,N/A,N/A,N/A,N/A,01:37.460,N/A,01:39.709,N/A,N/A,N/A,N/A,N/A,N/A,N/A,01:37.215,N/A,N/A,N/A,N/A,01:35.598,N/A,N/A,N/A,N/A,01:21.865,N/A,01:23.925,N/A,N/A,N/A,N/A,N/A,N/A,N/A,01:20.477,01:21.413,N/A,N/A,N/A,01:20.520,N/A,N/A,N/A,N/A,N/A,N/A,N/A,N/A,N/A,01:26.547,01:28.137,N/A,N/A,N/A,01:26.298,N/A,N/A,N/A,N/A,01:25.359,N/A,N/A,N/A,N/A
14,TSU,01:35.028,N/A,01:36.783,N/A,N/A,01:33.789,01:34.408,N/A,N/A,N/A,N/A,N/A,N/A,N/A,N/A,01:32.750,N/A,N/A,N/A,N/A,01:31.505,N/A,01:31.710,N/A,N/A,01:30.886,01:31.350,N/A,N/A,N/A,01:30.415,N/A,N/A,N/A,N/A,N/A,N/A,N/A,N/A,N/A,01:21.289,01:22.133,N/A,N/A,N/A,01:20.424,N/A,01:21.267,N/A,N/A,01:20.071,N/A,N/A,N/A,N/A,01:19.424,N/A,N/A,N/A,N/A,01:34.043,01:34.673,N/A,N/A,N/A,01:31.260,01:32.717,N/A,N/A,N/A,01:31.659,N/A,01:32.963,N/A,N/A,01:29.932,N/A,N/A,N/A,N/A,01:21.814,01:23.547,N/A,N/A,N/A,01:21.285,01:22.818,N/A,N/A,N/A,01:21.449,N/A,01:24.132,N/A,N/A,01:20.639,N/A,N/A,N/A,N/A,N/A,01:15.536,01:17.632,N/A,N/A,01:14.134,01:17.772,N/A,N/A,N/A,01:13.645,N/A,N/A,N/A,N/A,01:12.797,N/A,N/A,N/A,N/A,01:46.696,01:47.908,N/A,N/A,N/A,01:44.567,01:45.029,N/A,N/A,N/A,01:44.964,N/A,01:46.465,N/A,N/A,01:43.056,N/A,N/A,N/A,N/A,01:16.322,01:16.757,N/A,N/A,N/A,01:15.567,01:15.993,N/A,N/A,N/A,N/A,N/A,N/A,N/A,01:36.261,N/A,N/A,N/A,N/A,01:36.575,N/A,N/A,N/A,01:51.373,N/A,01:30.338,01:31.383,N/A,N/A,N/A,01:30.039,01:30.617,N/A,N/A,N/A,N/A,N/A,N/A,01:41.893,N/A,01:36.127,01:37.596,N/A,N/A,N/A,01:34.540,01:35.347,N/A,N/A,N/A,01:33.751,N/A,N/A,N/A,N/A,01:32.780,N/A,N/A,N/A,N/A,01:20.695,N/A,01:22.889,N/A,N/A,01:20.521,01:20.767,N/A,N/A,N/A,N/A,N/A,N/A,N/A,01:45.850,01:19.240,N/A,N/A,N/A,N/A,01:48.310,N/A,01:50.445,N/A,N/A,01:47.658,01:48.331,N/A,N/A,N/A,01:47.035,N/A,N/A,N/A,N/A,01:46.692,N/A,N/A,N/A,N/A,01:14.630,N/A,01:16.845,N/A,N/A,N/A,01:13.419,N/A,N/A,N/A,01:13.256,01:14.516,N/A,N/A,N/A,01:11.427,N/A,N/A,N/A,N/A,01:23.260,N/A,N/A,N/A,N/A,N/A,01:23.217,N/A,N/A,N/A,01:22.430,N/A,01:23.533,N/A,N/A,01:22.020,N/A,N/A,N/A,N/A,01:46.081,N/A,01:47.473,N/A,N/A,N/A,01:45.211,N/A,N/A,N/A,N/A,N/A,N/A,02:01.679,02:13.281,01:51.983,N/A,N/A,01:53.848,N/A,N/A,N/A,N/A,01:46.192,01:49.314,N/A,N/A,N/A,01:45.257,01:50.581,01:32.377,01:34.977,N/A,N/A,N/A,01:30.808,N/A,N/A,N/A,N/A,01:38.898,N/A,01:39.891,N/A,N/A,N/A,N/A,N/A,N/A,N/A,01:37.888,N/A,N/A,N/A,N/A,01:36.808,N/A,N/A,N/A,N/A,N/A,N/A,N/A,N/A,N/A,01:20.798,01:21.831,N/A,N/A,N/A,01:19.882,01:20.798,N/A,N/A,N/A,01:19.589,N/A,N/A,N/A,N/A,01:27.991,01:28.597,N/A,N/A,N/A,01:26.680,N/A,01:27.368,N/A,N/A,01:26.170,01:26.776,N/A,N/A,N/A,01:25.219,N/A,N/A,N/A,N/A
15,ALB,01:35.923,N/A,01:38.580,N/A,N/A,01:34.735,01:36.163,N/A,N/A,N/A,01:34.868,N/A,N/A,N/A,N/A,01:32.664,N/A,N/A,N/A,N/A,01:33.087,01:34.104,N/A,N/A,N/A,01:31.866,N/A,01:33.283,N/A,N/A,01:31.374,N/A,N/A,N/A,N/A,01:30.492,N/A,N/A,N/A,N/A,01:22.754,01:24.340,N/A,N/A,N/A,01:21.912,01:22.865,N/A,N/A,N/A,01:20.958,N/A,N/A,N/A,N/A,01:20.135,N/A,N/A,N/A,N/A,01:31.854,01:34.495,N/A,N/A,N/A,01:31.710,01:31.947,N/A,N/A,N/A,01:31.501,N/A,N/A,N/A,N/A,01:31.266,N/A,N/A,N/A,N/A,N/A,N/A,N/A,N/A,N/A,01:22.319,01:23.543,N/A,N/A,N/A,01:21.572,N/A,N/A,N/A,N/A,01:21.645,N/A,N/A,N/A,N/A,01:16.110,N/A,01:17.511,N/A,N/A,01:14.486,01:15.979,N/A,N/A,N/A,01:13.882,01:15.096,N/A,N/A,N/A,01:13.611,N/A,N/A,N/A,N/A,01:48.419,01:50.101,N/A,N/A,N/A,01:46.397,01:47.416,N/A,N/A,N/A,01:45.479,N/A,N/A,N/A,N/A,01:44.719,N/A,N/A,N/A,N/A,01:16.308,01:17.144,N/A,N/A,N/A,01:16.171,01:17.297,N/A,N/A,N/A,N/A,N/A,N/A,01:35.761,01:37.429,N/A,N/A,N/A,01:26.858,01:34.047,N/A,N/A,N/A,N/A,N/A,01:30.263,N/A,N/A,N/A,N/A,01:29.780,N/A,N/A,N/A,N/A,N/A,N/A,N/A,01:42.078,N/A,01:35.414,N/A,01:37.193,N/A,N/A,01:34.653,01:35.107,N/A,N/A,N/A,01:33.558,N/A,N/A,N/A,N/A,01:33.307,N/A,N/A,N/A,N/A,01:20.834,01:22.406,N/A,N/A,N/A,01:20.615,N/A,N/A,N/A,N/A,N/A,N/A,N/A,01:42.381,01:44.919,01:19.256,N/A,N/A,N/A,N/A,01:47.835,N/A,01:50.073,N/A,N/A,01:47.520,01:49.198,N/A,N/A,N/A,01:46.836,N/A,N/A,N/A,N/A,01:45.672,N/A,N/A,N/A,N/A,01:14.063,N/A,01:17.050,N/A,N/A,01:13.837,N/A,N/A,N/A,N/A,01:12.775,N/A,N/A,N/A,N/A,01:11.695,N/A,N/A,N/A,N/A,01:23.529,01:24.323,N/A,N/A,N/A,01:22.835,N/A,01:24.329,N/A,N/A,N/A,N/A,N/A,N/A,N/A,N/A,N/A,N/A,N/A,N/A,01:46.119,01:48.553,N/A,N/A,N/A,01:45.144,01:46.745,N/A,N/A,N/A,N/A,N/A,N/A,02:01.907,02:10.592,N/A,N/A,N/A,01:56.985,N/A,N/A,N/A,N/A,01:44.791,N/A,N/A,N/A,N/A,01:45.039,01:51.364,01:31.946,01:35.361,N/A,N/A,N/A,01:31.311,N/A,N/A,N/A,N/A,01:38.422,N/A,01:42.025,N/A,N/A,N/A,N/A,N/A,N/A,N/A,01:37.904,N/A,N/A,N/A,N/A,01:36.368,N/A,N/A,N/A,N/A,N/A,N/A,N/A,N/A,N/A,01:22.447,N/A,N/A,N/A,N/A,01:19.917,N/A,N/A,N/A,N/A,01:20.859,N/A,N/A,N/A,N/A,01:27.840,01:28.625,N/A,N/A,N/A,01:26.750,N/A,01:27.993,N/A,N/A,01:26.051,N/A,N/A,N/A,N/A,01:26.028,N/A,N/A,N/A,N/A
16,DEV,N/A,N/A,N/A,N/A,N/A,N/A,N/A,N/A,N/A,N/A,N/A,N/A,N/A,N/A,N/A,N/A,N/A,N/A,N/A,N/A,N/A,N/A,N/A,N/A,N/A,N/A,N/A,N/A,N/A,N/A,N/A,N/A,N/A,N/A,N/A,N/A,N/A,N/A,N/A,N/A,N/A,N/A,N/A,N/A,N/A,N/A,N/A,N/A,N/A,N/A,N/A,N/A,N/A,N/A,N/A,N/A,N/A,N/A,N/A,N/A,N/A,N/A,N/A,N/A,N/A,N/A,N/A,N/A,N/A,N/A,N/A,N/A,N/A,N/A,N/A,N/A,N/A,N/A,N/A,N/A,01:22.920,N/A,01:25.601,N/A,N/A,N/A,N/A,N/A,N/A,N/A,N/A,N/A,N/A,N/A,N/A,N/A,N/A,N/A,N/A,N/A,N/A,N/A,N/A,N/A,N/A,N/A,N/A,N/A,N/A,N/A,N/A,N/A,N/A,N/A,N/A,N/A,N/A,N/A,N/A,N/A,N/A,N/A,N/A,N/A,N/A,N/A,N/A,N/A,N/A,N/A,N/A,N/A,N/A,N/A,N/A,N/A,N/A,N/A,N/A,N/A,N/A,N/A,N/A,N/A,N/A,N/A,N/A,N/A,N/A,N/A,N/A,N/A,N/A,N/A,N/A,N/A,N/A,N/A,N/A,N/A,N/A,N/A,N/A,N/A,N/A,N/A,N/A,N/A,N/A,N/A,N/A,N/A,N/A,N/A,N/A,N/A,N/A,N/A,N/A,N/A,01:35.426,01:36.322,N/A,N/A,N/A,N/A,N/A,N/A,N/A,N/A,N/A,N/A,N/A,N/A,N/A,N/A,N/A,N/A,N/A,N/A,N/A,N/A,N/A,N/A,N/A,N/A,N/A,N/A,N/A,N/A,N/A,N/A,N/A,N/A,N/A,N/A,N/A,N/A,N/A,N/A,N/A,N/A,N/A,N/A,N/A,N/A,N/A,N/A,N/A,N/A,N/A,N/A,N/A,N/A,N/A,N/A,N/A,N/A,N/A,N/A,N/A,N/A,N/A,N/A,N/A,N/A,N/A,N/A,N/A,N/A,N/A,N/A,N/A,N/A,N/A,N/A,N/A,N/A,N/A,N/A,01:24.731,N/A,01:26.859,N/A,N/A,N/A,N/A,N/A,N/A,N/A,01:22.869,01:24.708,N/A,N/A,N/A,01:22.471,N/A,N/A,N/A,N/A,N/A,N/A,N/A,N/A,N/A,N/A,N/A,N/A,N/A,N/A,N/A,N/A,N/A,N/A,N/A,N/A,N/A,N/A,N/A,N/A,N/A,N/A,N/A,N/A,N/A,N/A,N/A,N/A,N/A,N/A,N/A,N/A,N/A,N/A,N/A,N/A,N/A,N/A,N/A,N/A,N/A,N/A,N/A,N/A,N/A,N/A,N/A,N/A,N/A,N/A,N/A,N/A,N/A,N/A,N/A,N/A,N/A,N/A,N/A,N/A,N/A,N/A,01:24.582,N/A,N/A,N/A,N/A,N/A,N/A,N/A,N/A,N/A,N/A,N/A,N/A,N/A,N/A,N/A,N/A,N/A,N/A,N/A,N/A,N/A,N/A,N/A,N/A,N/A,N/A,N/A,N/A,N/A,N/A,N/A,N/A,N/A,N/A,N/A,N/A,N/A
17,HAM,01:34.943,01:36.367,N/A,N/A,N/A,01:33.144,01:34.379,N/A,N/A,N/A,01:33.121,N/A,N/A,N/A,N/A,01:31.048,N/A,N/A,N/A,N/A,01:32.364,N/A,N/A,N/A,N/A,01:30.513,01:31.794,N/A,N/A,N/A,01:30.707,N/A,N/A,N/A,N/A,01:30.343,01:32.708,N/A,N/A,N/A,01:21.027,N/A,01:22.961,N/A,N/A,01:20.521,01:21.255,N/A,N/A,N/A,01:19.896,N/A,N/A,N/A,N/A,01:18.825,N/A,N/A,N/A,N/A,01:31.956,N/A,N/A,N/A,N/A,01:30.179,01:31.545,N/A,N/A,N/A,01:31.890,01:32.851,N/A,N/A,N/A,01:29.625,N/A,N/A,N/A,N/A,01:20.811,N/A,01:23.365,N/A,N/A,01:19.874,01:21.483,N/A,N/A,N/A,01:20.002,N/A,N/A,N/A,N/A,01:19.512,N/A,N/A,N/A,N/A,N/A,01:15.499,01:16.753,N/A,N/A,01:14.267,01:14.713,N/A,N/A,N/A,01:13.375,N/A,N/A,N/A,N/A,01:12.560,N/A,N/A,N/A,N/A,01:46.667,01:48.997,N/A,N/A,N/A,01:44.874,01:46.184,N/A,N/A,N/A,01:44.845,N/A,N/A,N/A,N/A,01:42.924,N/A,N/A,N/A,N/A,01:15.877,01:16.751,N/A,N/A,N/A,01:15.421,01:15.574,N/A,N/A,N/A,N/A,N/A,N/A,N/A,01:35.692,N/A,N/A,N/A,01:22.891,01:33.060,01:42.781,N/A,N/A,01:49.476,N/A,01:29.105,01:30.416,N/A,N/A,N/A,01:28.488,N/A,N/A,N/A,N/A,N/A,N/A,N/A,01:40.428,N/A,N/A,N/A,N/A,N/A,N/A,01:33.517,01:35.567,N/A,N/A,N/A,01:33.255,N/A,N/A,N/A,N/A,01:31.765,N/A,N/A,N/A,N/A,01:19.710,N/A,01:22.112,N/A,N/A,01:19.547,01:20.853,N/A,N/A,N/A,N/A,N/A,N/A,01:44.832,01:48.063,01:18.035,N/A,N/A,N/A,N/A,N/A,01:48.420,N/A,N/A,N/A,01:46.893,N/A,01:48.857,N/A,N/A,01:46.769,N/A,N/A,N/A,N/A,01:45.420,N/A,N/A,N/A,N/A,01:12.695,N/A,01:15.222,N/A,N/A,N/A,01:12.417,N/A,N/A,N/A,01:12.156,N/A,N/A,N/A,N/A,01:10.648,N/A,N/A,N/A,N/A,01:22.831,N/A,01:25.676,N/A,N/A,01:22.503,01:23.332,N/A,N/A,N/A,01:22.567,01:23.340,N/A,N/A,N/A,01:21.524,N/A,N/A,N/A,N/A,01:43.033,N/A,01:46.631,N/A,N/A,01:43.182,01:43.668,N/A,N/A,N/A,N/A,N/A,N/A,02:01.220,N/A,01:49.466,N/A,N/A,01:52.691,N/A,N/A,N/A,N/A,01:44.558,N/A,N/A,N/A,N/A,01:42.170,01:49.489,01:31.589,N/A,01:36.596,N/A,N/A,01:30.261,01:31.891,N/A,N/A,N/A,01:37.332,01:41.658,N/A,N/A,N/A,N/A,N/A,N/A,N/A,N/A,01:36.401,N/A,N/A,N/A,N/A,01:34.947,N/A,N/A,N/A,N/A,01:20.849,N/A,01:24.448,N/A,N/A,N/A,N/A,N/A,N/A,N/A,01:18.543,N/A,N/A,N/A,N/A,01:18.084,N/A,N/A,N/A,N/A,01:26.633,N/A,01:28.392,N/A,N/A,01:25.761,01:26.523,N/A,N/A,N/A,01:25.222,N/A,N/A,N/A,N/A,01:24.508,N/A,N/A,N/A,N/A
18,ZHO,01:35.053,N/A,01:37.656,N/A,N/A,01:33.953,01:34.558,N/A,N/A,N/A,01:33.880,N/A,01:38.886,N/A,N/A,01:32.493,N/A,N/A,N/A,N/A,01:32.608,N/A,01:34.692,N/A,N/A,01:31.615,01:32.080,N/A,N/A,N/A,01:30.946,N/A,N/A,N/A,N/A,01:29.819,N/A,N/A,N/A,N/A,01:21.821,01:24.652,N/A,N/A,N/A,01:21.063,01:21.536,N/A,N/A,N/A,01:20.836,N/A,N/A,N/A,N/A,01:19.910,N/A,N/A,N/A,N/A,01:33.020,01:35.540,N/A,N/A,N/A,01:30.860,01:31.507,N/A,N/A,N/A,01:32.051,N/A,N/A,N/A,N/A,01:31.020,N/A,N/A,N/A,N/A,N/A,N/A,N/A,N/A,N/A,01:21.866,01:22.967,N/A,N/A,N/A,01:21.201,N/A,N/A,N/A,N/A,01:20.476,N/A,N/A,N/A,N/A,N/A,01:16.417,01:17.746,N/A,N/A,01:14.525,01:15.959,N/A,N/A,N/A,01:14.861,N/A,N/A,N/A,N/A,01:15.606,N/A,N/A,N/A,N/A,01:48.222,01:51.290,N/A,N/A,N/A,01:45.264,01:46.103,N/A,N/A,N/A,01:44.913,N/A,N/A,N/A,N/A,01:43.777,N/A,N/A,N/A,N/A,01:17.152,01:18.204,N/A,N/A,N/A,01:15.526,01:16.089,N/A,N/A,N/A,N/A,N/A,N/A,01:35.213,01:38.924,N/A,N/A,N/A,01:24.030,01:33.692,N/A,N/A,N/A,01:46.171,N/A,01:30.271,01:32.611,N/A,N/A,N/A,01:29.752,N/A,N/A,N/A,N/A,N/A,N/A,N/A,01:40.791,N/A,01:35.676,01:36.830,N/A,N/A,N/A,01:34.654,01:35.827,N/A,N/A,N/A,01:33.911,N/A,N/A,N/A,N/A,01:33.674,N/A,N/A,N/A,N/A,01:20.810,N/A,01:22.969,N/A,N/A,01:19.605,01:20.541,N/A,N/A,N/A,N/A,N/A,N/A,N/A,01:45.691,01:18.573,N/A,N/A,N/A,N/A,01:48.672,N/A,01:51.138,N/A,N/A,01:47.617,01:48.600,N/A,N/A,N/A,01:47.089,N/A,N/A,N/A,N/A,01:46.085,N/A,N/A,N/A,N/A,01:14.534,N/A,01:16.686,N/A,N/A,N/A,01:13.624,N/A,N/A,N/A,01:13.421,01:15.614,N/A,N/A,N/A,01:11.704,N/A,N/A,N/A,N/A,01:23.570,N/A,01:25.980,N/A,N/A,01:22.938,01:23.958,N/A,N/A,N/A,01:22.657,N/A,N/A,N/A,N/A,01:22.003,N/A,N/A,N/A,N/A,N/A,01:46.408,N/A,N/A,N/A,01:44.524,N/A,01:46.608,N/A,N/A,N/A,N/A,N/A,02:02.599,02:13.825,N/A,N/A,N/A,01:55.375,N/A,N/A,N/A,N/A,01:44.429,01:50.680,N/A,N/A,N/A,01:44.525,01:51.213,01:32.385,01:37.896,N/A,N/A,N/A,01:30.894,N/A,N/A,N/A,N/A,01:38.276,01:40.005,N/A,N/A,N/A,N/A,N/A,N/A,N/A,N/A,01:39.735,N/A,N/A,N/A,N/A,01:36.656,N/A,N/A,N/A,N/A,01:21.820,N/A,01:24.476,N/A,N/A,N/A,N/A,N/A,N/A,N/A,01:20.019,01:21.529,N/A,N/A,N/A,01:19.476,N/A,N/A,N/A,N/A,N/A,N/A,N/A,N/A,N/A,01:26.479,01:27.338,N/A,N/A,N/A,01:26.482,N/A,N/A,N/A,N/A,01:25.408,N/A,N/A,N/A,N/A
19,HUL,01:35.815,N/A,01:38.707,N/A,N/A,01:34.061,01:36.240,N/A,N/A,N/A,01:33.971,01:37.093,N/A,N/A,N/A,01:32.777,N/A,N/A,N/A,N/A,01:33.034,01:34.219,N/A,N/A,N/A,01:31.615,N/A,01:34.391,N/A,N/A,01:31.424,N/A,N/A,N/A,N/A,01:30.543,N/A,N/A,N/A,N/A,N/A,N/A,N/A,N/A,N/A,N/A,N/A,N/A,N/A,N/A,N/A,N/A,N/A,N/A,N/A,N/A,N/A,N/A,N/A,N/A,N/A,N/A,N/A,N/A,N/A,N/A,N/A,N/A,N/A,N/A,N/A,N/A,N/A,N/A,N/A,N/A,N/A,N/A,N/A,N/A,N/A,N/A,N/A,N/A,N/A,N/A,N/A,N/A,N/A,N/A,N/A,N/A,N/A,N/A,N/A,N/A,N/A,N/A,N/A,N/A,N/A,N/A,N/A,N/A,N/A,N/A,N/A,N/A,N/A,N/A,N/A,N/A,N/A,N/A,N/A,N/A,N/A,N/A,N/A,N/A,N/A,N/A,N/A,N/A,N/A,N/A,N/A,N/A,N/A,N/A,N/A,N/A,N/A,N/A,N/A,N/A,N/A,N/A,N/A,N/A,N/A,N/A,N/A,N/A,N/A,N/A,N/A,N/A,N/A,N/A,N/A,N/A,N/A,N/A,N/A,N/A,N/A,N/A,N/A,N/A,N/A,N/A,N/A,N/A,N/A,N/A,N/A,N/A,N/A,N/A,N/A,N/A,N/A,N/A,N/A,N/A,N/A,N/A,N/A,N/A,N/A,N/A,N/A,N/A,N/A,N/A,N/A,N/A,N/A,N/A,N/A,N/A,N/A,N/A,N/A,N/A,N/A,N/A,N/A,N/A,N/A,N/A,N/A,N/A,N/A,N/A,N/A,N/A,N/A,N/A,N/A,N/A,N/A,N/A,N/A,N/A,N/A,N/A,N/A,N/A,N/A,N/A,N/A,N/A,N/A,N/A,N/A,N/A,N/A,N/A,N/A,N/A,N/A,N/A,N/A,N/A,N/A,N/A,N/A,N/A,N/A,N/A,N/A,N/A,N/A,N/A,N/A,N/A,N/A,N/A,N/A,N/A,N/A,N/A,N/A,N/A,N/A,N/A,N/A,N/A,N/A,N/A,N/A,N/A,N/A,N/A,N/A,N/A,N/A,N/A,N/A,N/A,N/A,N/A,N/A,N/A,N/A,N/A,N/A,N/A,N/A,N/A,N/A,N/A,N/A,N/A,N/A,N/A,N/A,N/A,N/A,N/A,N/A,N/A,N/A,N/A,N/A,N/A,N/A,N/A,N/A,N/A,N/A,N/A,N/A,N/A,N/A,N/A,N/A,N/A,N/A,N/A,N/A,N/A,N/A,N/A,N/A,N/A,N/A,N/A,N/A,N/A,N/A,N/A,N/A,N/A,N/A,N/A,N/A,N/A,N/A,N/A,N/A,N/A,N/A,N/A,N/A,N/A,N/A,N/A,N/A,N/A,N/A,N/A,N/A,N/A,N/A,N/A,N/A,N/A,N/A,N/A,N/A,N/A,N/A,N/A,N/A,N/A,N/A,N/A,N/A,N/A,N/A,N/A,N/A,N/A,N/A,N/A,N/A,N/A,N/A,N/A,N/A,N/A,N/A,N/A,N/A,N/A,N/A,N/A
20,OCO,01:35.151,N/A,N/A,N/A,N/A,01:33.360,01:34.550,N/A,N/A,N/A,N/A,01:34.957,01:36.634,N/A,N/A,01:31.782,N/A,N/A,N/A,N/A,01:32.026,N/A,01:33.684,N/A,N/A,01:30.760,01:31.859,N/A,N/A,N/A,01:30.139,N/A,N/A,N/A,N/A,01:29.068,N/A,N/A,N/A,N/A,01:21.004,01:22.131,N/A,N/A,N/A,01:19.842,N/A,01:21.761,N/A,N/A,01:20.205,N/A,N/A,N/A,N/A,01:19.061,N/A,N/A,N/A,N/A,01:33.417,01:34.819,N/A,N/A,N/A,01:30.861,01:31.753,N/A,N/A,N/A,N/A,N/A,N/A,N/A,N/A,N/A,N/A,N/A,N/A,N/A,01:21.891,N/A,01:23.860,N/A,N/A,01:20.745,01:22.178,N/A,N/A,N/A,01:20.882,N/A,N/A,N/A,N/A,01:20.638,N/A,N/A,N/A,N/A,N/A,01:16.315,01:18.806,N/A,N/A,01:15.216,01:16.288,N/A,N/A,N/A,01:14.260,N/A,N/A,N/A,N/A,01:12.528,N/A,N/A,N/A,N/A,01:46.917,01:48.616,N/A,N/A,N/A,01:44.609,01:46.047,N/A,N/A,N/A,01:44.685,N/A,N/A,N/A,N/A,01:43.585,N/A,N/A,N/A,N/A,01:16.421,01:16.930,N/A,N/A,N/A,01:15.119,N/A,N/A,N/A,N/A,N/A,N/A,N/A,01:34.003,01:37.332,N/A,N/A,N/A,01:23.529,01:33.012,N/A,N/A,N/A,N/A,N/A,01:30.238,N/A,N/A,N/A,N/A,01:29.552,N/A,N/A,N/A,N/A,N/A,N/A,N/A,01:41.730,N/A,01:35.828,N/A,N/A,N/A,N/A,01:34.660,01:35.600,N/A,N/A,N/A,01:34.122,01:34.459,N/A,N/A,N/A,01:33.048,N/A,N/A,N/A,N/A,01:20.348,01:21.529,N/A,N/A,N/A,01:19.614,N/A,01:21.751,N/A,N/A,N/A,N/A,N/A,01:45.570,01:47.510,01:18.018,N/A,N/A,N/A,N/A,01:50.315,N/A,N/A,N/A,N/A,01:47.944,01:49.324,N/A,N/A,N/A,01:46.601,N/A,01:51.201,N/A,N/A,01:45.180,N/A,N/A,N/A,N/A,01:13.963,N/A,01:16.723,N/A,N/A,N/A,01:13.305,N/A,N/A,N/A,01:13.003,01:14.406,N/A,N/A,N/A,01:11.605,N/A,N/A,N/A,N/A,01:23.075,01:24.196,N/A,N/A,N/A,01:22.728,N/A,01:23.664,N/A,N/A,01:22.506,01:23.526,N/A,N/A,N/A,01:22.130,N/A,N/A,N/A,N/A,01:44.736,01:46.178,N/A,N/A,N/A,01:43.412,01:44.926,N/A,N/A,N/A,N/A,N/A,N/A,02:00.911,N/A,N/A,N/A,N/A,01:56.337,N/A,N/A,N/A,N/A,01:43.022,N/A,N/A,N/A,N/A,01:43.884,N/A,01:31.750,01:32.685,N/A,N/A,N/A,01:30.165,N/A,N/A,N/A,N/A,01:38.102,01:38.810,N/A,N/A,N/A,N/A,N/A,N/A,N/A,N/A,01:37.468,N/A,N/A,N/A,N/A,01:37.068,N/A,N/A,N/A,N/A,N/A,N/A,N/A,N/A,N/A,01:21.177,01:22.361,N/A,N/A,N/A,01:19.960,01:21.278,N/A,N/A,N/A,01:19.010,N/A,N/A,N/A,N/A,01:27.891,N/A,N/A,N/A,N/A,01:26.038,01:26.365,N/A,N/A,N/A,01:26.073,01:26.302,N/A,N/A,N/A,01:24.830,N/A,N/A,N/A,N/A
21,SAR,N/A,N/A,N/A,N/A,N/A,N/A,N/A,N/A,N/A,N/A,N/A,N/A,N/A,N/A,N/A,N/A,N/A,N/A,N/A,N/A,N/A,N/A,N/A,N/A,N/A,N/A,N/A,N/A,N/A,N/A,N/A,N/A,N/A,N/A,N/A,N/A,N/A,N/A,N/A,N/A,N/A,N/A,N/A,N/A,N/A,N/A,N/A,N/A,N/A,N/A,N/A,N/A,N/A,N/A,N/A,N/A,N/A,N/A,N/A,N/A,N/A,N/A,N/A,N/A,N/A,N/A,N/A,N/A,N/A,N/A,N/A,N/A,N/A,N/A,N/A,N/A,N/A,N/A,N/A,N/A,N/A,N/A,N/A,N/A,N/A,N/A,N/A,N/A,N/A,N/A,N/A,N/A,N/A,N/A,N/A,N/A,N/A,N/A,N/A,N/A,N/A,N/A,N/A,N/A,N/A,N/A,N/A,N/A,N/A,N/A,N/A,N/A,N/A,N/A,N/A,N/A,N/A,N/A,N/A,N/A,N/A,N/A,N/A,N/A,N/A,N/A,N/A,N/A,N/A,N/A,N/A,N/A,N/A,N/A,N/A,N/A,N/A,N/A,N/A,N/A,N/A,N/A,N/A,N/A,N/A,N/A,N/A,N/A,N/A,N/A,N/A,N/A,N/A,N/A,N/A,N/A,N/A,N/A,N/A,N/A,N/A,N/A,N/A,N/A,N/A,N/A,N/A,N/A,N/A,N/A,N/A,N/A,N/A,N/A,N/A,N/A,N/A,N/A,N/A,N/A,N/A,N/A,N/A,N/A,N/A,N/A,N/A,N/A,N/A,N/A,N/A,N/A,N/A,N/A,N/A,N/A,N/A,N/A,N/A,N/A,N/A,N/A,N/A,N/A,N/A,N/A,N/A,N/A,N/A,N/A,N/A,N/A,N/A,N/A,N/A,N/A,N/A,N/A,N/A,N/A,N/A,N/A,N/A,N/A,N/A,N/A,N/A,N/A,N/A,N/A,N/A,N/A,N/A,N/A,N/A,N/A,N/A,N/A,N/A,N/A,N/A,N/A,N/A,N/A,N/A,N/A,N/A,N/A,N/A,N/A,N/A,N/A,N/A,N/A,N/A,N/A,N/A,N/A,N/A,N/A,N/A,N/A,N/A,N/A,N/A,N/A,N/A,N/A,N/A,N/A,N/A,N/A,N/A,N/A,N/A,N/A,N/A,N/A,N/A,N/A,N/A,N/A,N/A,N/A,N/A,N/A,N/A,N/A,N/A,N/A,N/A,N/A,N/A,N/A,N/A,N/A,N/A,N/A,N/A,N/A,N/A,N/A,N/A,N/A,N/A,N/A,N/A,N/A,N/A,N/A,N/A,N/A,N/A,N/A,N/A,N/A,N/A,N/A,N/A,N/A,01:40.325,N/A,01:44.827,N/A,N/A,N/A,N/A,N/A,N/A,N/A,N/A,N/A,N/A,N/A,N/A,N/A,N/A,N/A,N/A,N/A,N/A,N/A,01:24.246,N/A,N/A,N/A,N/A,N/A,N/A,N/A,N/A,N/A,N/A,N/A,N/A,N/A,N/A,N/A,N/A,N/A,01:28.098,N/A,01:29.300,N/A,N/A,N/A,N/A,N/A,N/A,N/A,N/A,N/A,N/A,N/A,N/A,N/A,N/A,N/A,N/A,N/A
22,GAS,01:34.193,N/A,01:36.621,N/A,N/A,01:33.621,01:34.905,N/A,N/A,N/A,01:34.176,01:36.088,N/A,N/A,N/A,01:31.635,N/A,N/A,N/A,N/A,01:31.317,N/A,01:31.718,N/A,N/A,01:30.963,01:31.173,N/A,N/A,N/A,01:30.148,N/A,N/A,N/A,N/A,01:29.254,N/A,N/A,N/A,N/A,01:21.701,01:23.167,N/A,N/A,N/A,01:20.142,N/A,01:21.629,N/A,N/A,01:20.133,N/A,N/A,N/A,N/A,01:19.226,N/A,N/A,N/A,N/A,01:31.498,01:33.704,N/A,N/A,N/A,01:30.547,01:31.396,N/A,N/A,N/A,01:31.901,N/A,01:33.760,N/A,N/A,01:29.690,N/A,N/A,N/A,N/A,01:21.422,01:23.146,N/A,N/A,N/A,01:20.917,01:22.102,N/A,N/A,N/A,N/A,N/A,N/A,N/A,N/A,01:20.719,N/A,N/A,N/A,N/A,N/A,01:15.083,01:16.515,N/A,N/A,01:13.636,01:14.361,N/A,N/A,N/A,01:13.210,N/A,N/A,N/A,N/A,01:13.660,N/A,N/A,N/A,N/A,01:46.830,01:47.820,N/A,N/A,N/A,01:44.315,01:45.196,N/A,N/A,N/A,01:44.491,N/A,01:45.507,N/A,N/A,01:42.845,N/A,N/A,N/A,N/A,01:16.165,01:17.120,N/A,N/A,N/A,01:14.879,01:15.854,N/A,N/A,N/A,N/A,N/A,N/A,01:33.889,01:36.881,N/A,N/A,N/A,N/A,01:34.492,N/A,N/A,N/A,N/A,N/A,01:30.510,N/A,01:31.937,N/A,N/A,01:29.885,01:30.730,N/A,N/A,N/A,N/A,N/A,N/A,01:41.680,N/A,01:34.979,01:36.149,N/A,N/A,N/A,01:33.906,01:35.033,N/A,N/A,N/A,01:33.869,N/A,N/A,N/A,N/A,01:33.439,N/A,N/A,N/A,N/A,01:20.456,N/A,01:22.952,N/A,N/A,01:19.730,01:20.691,N/A,N/A,N/A,N/A,N/A,N/A,N/A,01:46.091,01:19.527,N/A,N/A,N/A,N/A,N/A,N/A,N/A,N/A,N/A,01:47.782,01:49.108,N/A,N/A,N/A,01:46.604,01:52.246,N/A,N/A,N/A,01:45.827,N/A,N/A,N/A,N/A,01:14.474,N/A,01:16.410,N/A,N/A,N/A,N/A,N/A,N/A,N/A,01:13.046,01:14.470,N/A,N/A,N/A,01:11.512,N/A,N/A,N/A,N/A,01:23.640,N/A,01:24.317,N/A,N/A,01:23.135,01:23.806,N/A,N/A,N/A,01:22.755,01:23.315,N/A,N/A,N/A,01:22.010,N/A,N/A,N/A,N/A,01:45.258,N/A,01:46.823,N/A,N/A,01:44.469,01:45.179,N/A,N/A,N/A,N/A,N/A,N/A,02:01.245,02:09.894,01:51.211,N/A,N/A,01:53.546,N/A,N/A,N/A,N/A,01:44.878,01:49.276,N/A,N/A,N/A,01:47.109,01:50.641,01:32.881,01:35.019,N/A,N/A,N/A,01:31.322,N/A,N/A,N/A,N/A,01:37.810,01:39.234,N/A,N/A,N/A,N/A,N/A,N/A,N/A,N/A,01:37.290,N/A,N/A,N/A,N/A,01:36.577,N/A,N/A,N/A,N/A,01:21.310,N/A,01:23.182,N/A,N/A,N/A,N/A,N/A,N/A,N/A,01:20.330,01:21.383,N/A,N/A,N/A,01:19.672,N/A,N/A,N/A,N/A,01:27.845,N/A,01:29.193,N/A,N/A,N/A,01:27.036,N/A,N/A,N/A,01:26.239,01:27.686,N/A,N/A,N/A,01:25.859,N/A,N/A,N/A,N/A
23,LAT,01:35.644,N/A,01:37.783,N/A,N/A,01:34.486,01:36.489,N/A,N/A,N/A,01:35.667,N/A,N/A,N/A,N/A,01:33.634,N/A,N/A,N/A,N/A,01:33.529,N/A,01:34.134,N/A,N/A,01:31.814,01:33.210,N/A,N/A,N/A,01:31.992,N/A,N/A,N/A,N/A,01:31.817,N/A,N/A,N/A,N/A,01:23.924,01:26.615,N/A,N/A,N/A,01:22.307,01:23.372,N/A,N/A,N/A,01:21.050,N/A,N/A,N/A,N/A,01:21.372,N/A,N/A,N/A,N/A,01:35.637,01:37.940,N/A,N/A,N/A,01:32.913,01:34.180,N/A,N/A,N/A,01:32.376,N/A,N/A,N/A,N/A,01:31.325,N/A,N/A,N/A,N/A,01:23.011,01:24.205,N/A,N/A,N/A,01:23.197,N/A,01:24.954,N/A,N/A,01:22.419,N/A,N/A,N/A,N/A,01:21.915,N/A,N/A,N/A,N/A,01:17.714,N/A,01:19.186,N/A,N/A,01:16.276,01:17.296,N/A,N/A,N/A,01:14.910,01:16.612,N/A,N/A,N/A,01:14.403,N/A,N/A,N/A,N/A,N/A,01:50.921,N/A,N/A,N/A,01:47.218,01:47.806,N/A,N/A,N/A,01:46.070,N/A,N/A,N/A,N/A,01:45.367,N/A,N/A,N/A,N/A,01:17.241,01:18.543,N/A,N/A,N/A,01:16.509,01:17.890,N/A,N/A,N/A,N/A,N/A,N/A,N/A,01:38.394,N/A,N/A,N/A,N/A,01:35.660,N/A,N/A,N/A,N/A,N/A,01:31.326,N/A,N/A,N/A,N/A,01:30.489,N/A,N/A,N/A,N/A,N/A,N/A,N/A,01:41.998,N/A,01:37.071,01:37.043,N/A,N/A,N/A,01:35.412,N/A,01:36.224,N/A,N/A,01:33.841,N/A,N/A,N/A,N/A,01:33.794,N/A,N/A,N/A,N/A,01:21.413,N/A,01:23.842,N/A,N/A,01:20.488,N/A,N/A,N/A,N/A,N/A,N/A,N/A,01:41.480,01:45.914,01:19.570,N/A,N/A,N/A,N/A,01:48.485,01:50.768,N/A,N/A,N/A,01:48.612,N/A,01:51.073,N/A,N/A,01:46.811,N/A,N/A,N/A,N/A,01:46.401,N/A,N/A,N/A,N/A,01:15.122,N/A,01:17.483,N/A,N/A,N/A,01:14.797,N/A,N/A,N/A,01:13.625,N/A,N/A,N/A,N/A,01:13.353,N/A,N/A,N/A,N/A,01:24.941,N/A,01:25.734,N/A,N/A,01:23.982,01:24.739,N/A,N/A,N/A,01:22.776,N/A,N/A,N/A,N/A,01:22.587,N/A,N/A,N/A,N/A,01:47.092,01:49.300,N/A,N/A,N/A,01:46.553,01:48.727,N/A,N/A,N/A,N/A,N/A,N/A,02:03.510,02:18.466,N/A,N/A,N/A,01:57.532,N/A,N/A,N/A,N/A,01:45.424,01:50.414,N/A,N/A,N/A,01:44.962,01:52.233,01:32.868,01:37.380,N/A,N/A,N/A,01:31.511,N/A,N/A,N/A,N/A,N/A,N/A,N/A,N/A,N/A,N/A,N/A,N/A,N/A,N/A,01:38.028,N/A,N/A,N/A,N/A,01:37.244,N/A,N/A,N/A,N/A,01:22.912,N/A,01:24.507,N/A,N/A,N/A,N/A,N/A,N/A,N/A,01:20.848,N/A,N/A,N/A,N/A,01:21.167,N/A,N/A,N/A,N/A,N/A,N/A,N/A,N/A,N/A,01:27.262,01:28.425,N/A,N/A,N/A,01:26.646,N/A,N/A,N/A,N/A,01:26.054,N/A,N/A,N/A,N/A
